GA_ID,1980,1981,1982,1983,1984,1985,1986,1987,1988,1989,1990,1991,1992,1993,1994,1995,1996,1997,1998,1999,2000,2001,2002,2003,2004,2005,2006,2007,2008,2009,2010,2011,2012,2013,2014,2015,2016,2017,2018
419001,3416,3416,3416,3416,3416,3416,3993,4570,5147,5724,6301,7046,7549,6619,14677,17282,17047.75,16813.5,16579.25,16345,17322,18051,18872,19439,19976,20800,19099,19537,15172,16557.2,17023.4092,17800,18900,19100,21500,21500,21500,21500,21500
513233,88,88,88,88,88,88,88,88,88,88,88,88,88,88,54,20,29,25,26,24,25,15,24,2465,2558,162,105,115,123,131,135,138,139,140,142,144,146,146,146
513231,300,300,300,300,300,300,300,300,300,300,300,300,300,300,74,74,79,48,48,48,48,68,99,102,114,122,126,140,145,145,150,155,174,182,183,190,211,211,211
632123,596.4,596.4,596.4,596.4,596.4,596.4,596.4,596.4,816.95,844.6,804.27,887,901,777,816.41,838.4,881.6,923,936,1071,1159,1238,1333,1223.22,1295,1467,1539,1588,375,303.63,1519.99,1519.99,1519.99,1519.99,1519.99,1519.99,1519.99,1519.99,1519.99
632321,113,113,113,113,113,113,113,113,82.6,118.7,120,121,231,261,269,130.2,162.7,125,135,135,380,411,416,317,418,436,487,525,533,563,398,398,398,398,398,398,398,398,398
632523,322.7,322.7,322.7,322.7,322.7,322.7,322.7,322.7,321.73,326.14,350,621,632,642,665,692.2,782,1398.8,1984,2189,1882,2030,1556,1732.84,2162,2169,2505,2652,2720,494,997.7,997.7,997.7,997.7,997.7,997.7,997.7,997.7,997.7
632324,,,,,,,,,,,,,,,,,,8,9,10,10,10,32,28,,,,,,,,,,,,,,,
630104,4377,4377,4377,4377,4377,4377,4377,4377,4377,4377,4377,4377,4377,4377,4377,4377,4377,4377,4377,4377,4377,4377,1666,2202.78,2242,2270,2309,2105,2849,1756,2322.5,2889,2961,2961,2961,2961,2961,2961,2961
632623,,,,,,,,,,,,,,,,,,,,,,,,,,,,,,,,,,,,,,,
632122,1388.6,1388.6,1388.6,1388.6,1388.6,1388.6,1388.6,1388.6,1396.9,1599.4,1647.38,1779,1949,3273.12,3373,1494,1217,1381,1392,1391,1625,1735,2817,3100,2890,3452,3645,3720,339,950,2472.57,2472.57,2472.57,2472.57,2472.57,2472.57,2472.57,2472.57,2472.57
632121,231.9,231.9,231.9,231.9,231.9,231.9,231.9,231.9,282,277.31,267.99,288,315,343,385,505,562,642,632,625,706,740,1287,1301,1364,1381,1434,1657,128,161.75,1254.9,1254.9,1254.9,1254.9,1254.9,1254.9,1254.9,1254.9,1254.9
632221,223.8,223.8,223.8,223.8,223.8,223.8,223.8,223.8,220.33,293.85,745.8,362,398,383.4,425.7,580.3,767.9,714,758,780,741,763,939,881,959,990,1022,1034,1044,341,550.69,550.69,550.69,550.69,550.69,550.69,550.69,550.69,550.69
632126,595.3,595.3,595.3,595.3,595.3,595.3,595.3,595.3,873.67,1026,1264.97,1181,1148,1308,1385,1706,1575.5,1722,1767,1600,1603,1671,1741,2036,2837,3437,3500,3500,193,184.52,1916,1916,1916,1916,1916,1916,1916,1916,1916
632322,82.9,82.9,82.9,82.9,82.9,82.9,82.9,82.9,55.26,108.29,171.11,210,346,442,329,239,302.6,326,332,493,719,647,636,586,606,590,550,540,5738,379,390,390,390,390,390,390,390,390,390
632323,,,,,,,,1.4,,,,,,,,,,,,,,,,,,,,,36,65,75,,,,,,,,
630122,1131,1131,1131,1131,1131,1131,1131,1131,1133,1204,1290.2,1289,1387,1418,1492,1584,1618.3,1716,1798,1865,2024,2068,2269,2538,2838,3107,3269,4463,4400,3360,3839.6,5569,6036,6036,6036,6036,6036,6036,6036
632723,33,33,33,33,33,33,33,33,13.2,57,87,105,116,103,72,93,62,90,366,156,191,418,294,230,2300,260,260,260,260,260,324,324,324,324,324,324,324,324,324
632624,,,,,,,,,,,,,,,,,,,,,,,,,,,,,,,,,,,,,,,
632128,421.5,421.5,421.5,421.5,421.5,421.5,421.5,421.5,429.27,471.71,468.82,474,479,561,566,568,595,819,850,890,905,945,951,1024,1061,1113,1145,1278,1138,339,894,894,894,894,894,894,894,894,894
632522,74.4,74.4,74.4,74.4,74.4,74.4,74.4,74.4,44.99,51.12,40.98,177,177,175.35,177.43,198,195.9,367,349,368,329,296,292,292,399,621,623,824,870,865,229.5,229.5,229.5,229.5,229.5,229.5,229.5,229.5,229.5
630121,1064.6,1064.6,1064.6,1064.6,1064.6,1064.6,1064.6,1064.6,913.62,888.12,1111.41,1144,1189,1651.44,1269.66,1415.2,1741.5,2426,1541,1442,1525,1624,723,1075,1278,2036,2401,2613,3178,3015,3243.6,4515,5107,5107,5107,5107,5107,5107,5107
632525,264,264,264,264,264,264,264,264,183.36,184.96,386.93,407,413,465.28,597,573,673,708,610,587,980,990,1119,1133,1369,1376,1385,1428,1466,1487,295.7,295.7,295.7,295.7,295.7,295.7,295.7,295.7,295.7
632127,1257.7,1257.7,1257.7,1257.7,1257.7,1257.7,1257.7,1257.7,879.67,971.68,921.74,976,1014,1064,1176.62,1265,1264.2,1559,1674,1682,1619,1591,1580,1611.88,1739,1812,1916,1993,2008,979,1308,1308,1308,1308,1308,1308,1308,1308,1308
640423,,,,,,,217,,,534,606,551.4,633.9,695,,,,,,,,,,,,,,,,,,,,,,,,,
640121,1488,1488,1488,1488,1488,1488,1488,1580.333333,1672.666667,1765,1866,1915.3,2041.5,2874,3027.418333,3180.836667,3334.255,3487.673333,3641.091667,3794.51,4452.055,5109.6,5214,3960,4052,4323,5289,5502,5765,7011,6338,6339,6348,7248,9295,9241,9194,9716,8580
640181,1566.2,1566.2,1566.2,1566.2,1566.2,1566.2,1566.2,1566.2,1566.2,1566.2,1823,2111.2,2351.7,2384.5,2598.222222,2811.944444,3025.666667,3239.388889,3453.111111,3666.833333,3880.555556,4094.277778,4308,3718,4571,4793,5767,6041,6092,6879,7651,7706,8464,9079,8767,8809,8980,9013,6824
640302,,,,,,,,,,1095.3,1155,1468.5,2175.9,2174.4,,,,,,,,,,,,,,,,,,,,,,,,,
640522,,,,,,,458.2,,,753.5,1066,1176.6,898.1,1183,,,,,,,,,,,,,,,,,,,,,,,,,
640422,,,,,,,398,,,683.1,1378,1466.9,1993,1545.3,,,,,,,,,,,,,,,,,,,,,,,,,
640104,6576.2,6576.2,6576.2,6576.2,6576.2,6576.2,6576.2,6576.2,6576.2,6576.2,6576.2,6576.2,6576.2,6576.2,6576.2,6576.2,6576.2,6576.2,6576.2,6576.2,6576.2,6576.2,6576.2,7102,6501,7103,8123,8429,8763,9345,9775,12884,7714,7835,8994,8197,8632,7529,7800
640521,,,,,,,,,,1462.7,1556,1809.5,1970.7,2238.6,,,,,,,,,,,,,,,,,,,,,,,,,
640324,,,,,,,,,,719.1,855,757.7,785.4,952.1,,,,,,,,,,,,,,,,,,,,,,,,,
640202,,,,,,,,,,,,,,,,,,,,,,,,,848,378,,,,,,,,,,,,,
640381,,,,,,,,,,1972.2,2474,2641.4,4913.5,3268.8,,,,,,,,,,,,,,,,,,,,,,,,,
640402,,,,,,,844.2,,,1643.4,1770,2008.5,2242.8,2315.5,,,,,,,,,,,,,,,,,,,,,,,,,
640122,833,833,833,833,833,833,833,991.8,1150.6,1309.4,1349,2654.7,1335,1600.5,1708.651667,1816.803333,1924.955,2033.106667,2141.258333,2249.41,2693.205,3137,2918,2877,3377,3557,3375,3661,3922,4274,4667,4972,5966,5924,4658,4613,4609,4616,4721
640205,,,,,,,,,,601.1,559,1187.2,566.2,852.2,,,,,,,,,,857,1156,1127,,,,,,,,,,,,,
640424,,,,,,,140,,,211.5,250,235,241,259,,,,,,,,,,,,,,,,,,,,,,,,,
640221,,,,,,,1110,,,1459.5,1772,2050.8,2130.8,2151.9,,,,,,,,,,4095,4017,4197,,,,,,,,,,,,,
640323,,,,,,,,,,762.6,1018,1100.7,1147.6,1198.2,,,,,,,,,,,,,,,,,,,,,,,,,
640425,,,,,,,150.4,,,529.2,359,463,573.4,840.3,,,,,,,,,,,,,,,,,,,,,,,,,
150102,5080,5080,5080,5080,5080,5080,5080,5080,5080,5080,5080,5080,5080,5080,5080,5080,5080,5080,5080,5080,5640,5910.24,6982.54,7453,7150.27,7559,7765.51,8430,8877.7,10486.6,12078.6,11835,13258,14802,14361,14825,14864,14864,14864
150124,122,122,122,122,122,122,122,122,122,122,122,122,122,122,161.2,196.3,209,220,239,263,260,332.82,398.2,444,497.5,671,731.6,823,872,892,908,973,1056,1120,1199,1219,1343,1343,1343
150202,754,754,754,754,754,754,754,754,754,754,754,754,754,754,754,754,754,754,754,754,660,764,569,2889.6,5210.2,7530.8,9851.4,12172,12028,11914,12432,12413,13555,14999,14573,14732,14496,14496,14496
150627,298.59,298.59,298.59,298.59,298.59,298.59,298.59,298.59,298.59,298.59,298.59,298.59,298.59,324,372.14,747.08,793.24,946,828,1177,1068,1129,1212,2149,2042,2086,3269,3985,11915,7730,7552,7333,5864,5818,5820,5728,5745,5745,5745
150802,2649,2649,2649,2649,2649,2649,2649,2649,2649,2649,2649,2649,2649,1787,1909.1,2162.83,2401.4,3340.8,3516,3763,3516.3,4336.34,4799.3,5435.3,5600,5842,7821,8159,8285.23,8987,9126,9545.65,9589,9653,9812,16683,16132,16132,16132
150927,865,865,865,865,865,865,865,865,865,865,865,865,865,865,980.5,1215,1215,1760,1034,1063,834,1112.4,1937,943,693,2700,3457,3512,3612,2068,2075,2850,2980,3051,4118,6270,6298,6298,6298
150125,992,992,992,992,992,992,992,992,992,992,992,992,992,992,1152.79,859,1103,1303,1293,1307,1405,1324,1425.22,1439,2042,2050,2081,2477,2104,2266,2292,2292,2358,2270,2901,3024,3026,3026,3026
150123,1665,1665,1665,1665,1665,1665,1665,1665,1665,1665,1665,1665,1665,1665,1697.8,1984,2048,2171,1941,2207,2169,2344.8,2500,2235,2179,2336,3085,4196,4228,4235,6863,7673,8690,12085,10640,11288,11425,11425,11425
150622,361.49,361.49,361.49,361.49,361.49,361.49,361.49,361.49,361.49,361.49,361.49,361.49,361.49,403.99,528.68,604.49,819.73,1002.71,1311,1588,1598,1419,1299,1490,2153,2562,2692,3097,3482,4076,3845,3244,3546,3689,3752,3725,3726,3726,3726
150624,605.73,605.73,605.73,605.73,605.73,605.73,605.73,605.73,605.73,605.73,605.73,605.73,605.73,777.27,599.38,1049.18,1452.92,452.25,493,509,547.17,573,559,521,597,609,747,710,737,753,790,825,901,930,892,897,905,905,905
150822,409,409,409,409,409,409,409,409,409,409,409,409,409,540,535,491.4,489.3,530,504,556,573.4,573.9,580.83,769.84,838,903,908,1014,1191.26,1195.85,1231,1232.35,1238,1392,2722,2912,3803,3803,3803
150222,838,838,838,838,838,838,838,838,838,838,838,838,838,838,2485,3190,3225,2979,3014,2818,2794,2460,3641,3820,4370,4492,5030,5653,5674,6240,6614,6781,7121,7548,7569,7710,7866,7866,7866
150821,0.17,0.17,0.17,0.17,0.17,0.17,0.17,0.17,0.17,0.17,0.17,0.17,0.17,0.17,2520,2520,4081,4200,4300,2530,2028,4378,4378,4773.29,5124,5144,5038,5362,5362.2,5362.2,5374,5376.2,5362,5238,4478,4396,4298,4298,4298
150825,125,125,125,125,125,125,125,125,125,125,125,125,125,125,364,446,687,786,816,844,872,914.37,984.54,1041,1093,1136,1169,1178,1187,1222,1328,1340,1360,1482,1557,1635,1684,1684,1684
150625,485,485,485,485,485,485,485,485,485,485,485,485,485,429,638.52,1037.39,1084.84,1096.89,1160,1499,1755,1760,2015,2232,2576,2613,2824,2903,3415,3636,4635,4669,4654,4722,5384,5523,5583,5583,5583
150823,6927,6927,6927,6927,6927,6927,6927,6927,6927,6927,6927,6927,6927,6856,6811,6885.9,6766.42,8117,8704,9232,9447.5,9457.8,9249.35,9478.39,10308,10886,11767,11863,11970.24,13309.98,13637,13680.72,13829,13876,13885,13944,9618,9618,9618
150824,3765,3765,3765,3765,3765,3765,3765,3765,3765,3765,3765,3765,3765,3765,3884,3011.9,2940.85,8131,3488,3387.62,3555.9,3615.4,3759.9,4128,4263,4772,5105,5283,5392,5436,5498,6322,6552,7747,8592,8965,9527,9527,9527
150621,4963.9,4963.9,4963.9,4963.9,4963.9,4963.9,4963.9,4963.9,4963.9,4963.9,4963.9,4963.9,4963.9,5217,4654.87,4964.6,5513.3,6094.5,6881,7692,9316,9432,11243,11248,11184,18481,16326,17487,18769,20647,23166,32714,25521,23852,24152,60430,61489,61489,61489
150122,1671,1671,1671,1671,1671,1671,1671,1671,1671,1671,1671,1671,1943.1,1935.51,1994,2628,1916,1682,1436,1642,1722,2088.65,2100,3384,3299,4544,4736.6,5173,5335,5520,5794,6075,6227,6269,6394,6874,7027,7027,7027
150302,1784,1784,1784,1784,1784,1784,1784,1784,1784,1784,1784,1784,1784,1784,1784,1784,1784,1784,1784,1784,2464,2695,3043,2974,3056,2948,3400,2503,2933,3218,2997,2783,2877,3057,3174,3299,3381,3381,3381
150826,1372,1372,1372,1372,1372,1372,1372,1372,1372,1372,1372,1372,1372,1410,1626,1928,1947,2303,2549,2769,2895,2917,2962,3004,3307,3561,3614,3650,3650.3,3710,3723,3740,3794,3859,3906,3921,3684,3684,3684
150221,2772.18,2772.18,2772.18,2772.18,2772.18,2772.18,2772.18,2772.18,2772.18,2772.18,2772.18,2772.18,2772.18,3055.5,2800,3564.62,3617.06,3965,3767,3876,3888,4068,3909,3581,3744,4117,5369,5619,5703,6117,6520,6648,6934,9038,9643,9645,9758,9758,9758
150602,186.28,186.28,186.28,186.28,186.28,186.28,186.28,186.28,186.28,186.28,186.28,186.28,186.28,209.8,244.03,286.27,415.07,434.34,622,853.1,1075,1177,1571,1600,1251,903,887,891,939,902,1309,627,656,752,731,734,717,717,717
150121,3648,3648,3648,3648,3648,3648,3648,3648,3648,3648,3648,3648,3458,8800,6815,4124,4110,4942,3759,3967,4090,6202.64,6331.98,6483,6791.4,7120,7835,7842,8138,8166,9784,10620,11159,11650,12927,13164,13358,13358,13358
150623,261.25,261.25,261.25,261.25,261.25,261.25,261.25,261.25,261.25,261.25,261.25,261.25,261.25,421.99,466.78,584.42,419.37,565.74,575,746,895.16,1053,446,837,1078,1607,2405,2487,3549,2426,3177,3568,3693,3822,4083,4533,4638,4638,4638
150626,450.41,450.41,450.41,450.41,450.41,450.41,450.41,450.41,450.41,450.41,450.41,450.41,450.41,688.6,536.56,595.61,603.78,645.42,607,730,791.45,851,847,973,1245,1536,1705,1806,1393,1406,8155,8243,1452,1563,1587,1591,1608,1608,1608
410325,1091,1091,1091,1091,1091,1091,1091,1091,1091,1091,1317,1334,1312,1282,1302,1717,2268,2449,2488,2680,2724,2790,2961,3109,3348,3543,4406,6838,8655,11728,12572,11032.3328,11269,10789.51,9716.21,11627.6864,11930.9,11930.9,11930.9
411221,587,587,587,587,587,587,587,587,587,587,718,1248,1590,1933.4,1939.79,1472.84,2186,2338,2661,2867,3144,3241,3328,3613,3796,4011,4257,4581,4917,5336,5487,5500,5347,5619.62,5532.22,5555.4339,5560.16,5560.16,5560.16
410328,2372,2372,2372,2372,2372,2372,2372,2372,2372,2372,1394,1699,1538,1605,1695,1929,2878,2762,2355,2480,2773,2838,3785,3978,4055,4364,5303,6364,6968,7091,8090,8091,8096,8097,8098,8198,7396.26,7396.26,7396.26
410102,,,,,,,,,,,,,,,,,,,,,,,,,,,,,,,,54678,57077,35255,,,,,
411281,54,54,54,54,54,54,54,54,54,54,60,444,2050,2318.8,2357.3,2386,2530,2661,2783,2765,2644,2258,879,922,966,1034,1078,1161,1296,1499,1568,1627,1775,1799.58,1988.38,2078.525,2145.38,2145.38,2145.38
410883,4176,4176,4176,4176,4176,4176,4176,4176,4176,4176,4108,6689,6012,6881,7072,8489,10114,13370,10862,11797,11460,12216,12990,13168,14299,16363,17181,19946,17613,19353,20853,21050.6479,21126,22068.95,22583.86,24250.5921,20120.52,20120.52,20120.52
411222,3382,3382,3382,3382,3382,3382,3382,3382,3382,3382,3455,2667,2612,2565,2834.21,2996.75,3356,3515,3725,3798,3970,4136,4256,4676,5024,5435,5618,5887,5679,5282,5898,5852.36,6007,5819.03,6631.98,6631.98,6631.98,6631.98,6631.98
410181,19368,19368,19368,19368,19368,19368,19368,19368,19368,19368,18499,24049,35023,39200,50872,55830,113212,116944,134034,103492,110229,104875,124320,130763,116562,110075,103808,114244,115801.8,125756,132569,129714.25,137497,138213.41,139176.62,137784.8,138494.74,138494.74,138494.74
410322,1549,1549,1549,1549,1549,2082,2615,3148,3681,4214,3490,3897,4842,5258,3860,4542,5458,6548,6760,7519,9952,6398,6544,7482,9127,10244,14378,14689,17180,13493,16223,19344.2,18562,21262.18,22795.72,21811.5639,22535.82,22535.82,22535.82
410311,23436,23436,23436,23436,23436,23436,23436,23436,23436,23436,23436,23436,23436,23436,23436,23436,23436,23436,23436,23436,23436,23436,25322,24342,25450,26006,27872,30195,33765,35932,38017,36042,36042,36042,36042,36042,36042,36042,36042
410882,6945,6945,6945,6945,6945,6945,6945,6945,6945,6945,6945,6945,8524,11439,8910,18840,24329,16849,14494,14907,15135,14989,15689,15873,16277,18169,18327,18911,18068,21266,21369,34449.9848,38443,43777.55,45139.58,40601.8937,38835.51,38835.51,38835.51
410327,2098,2098,2098,2098,2098,2098,2098,2098,2098,2098,2052,3071,1373,1612,1870,2259,2523,3538,5240,5839,4263,11811,13053,13839,18998,21373,23426,24760,26642,24143,25562,26177.5084,26522,27760.06,19539.19,20485.3413,20669.13,20669.13,20669.13
410329,4493,4493,4493,4493,4493,4493,4493,4493,4493,4493,5278,5002,5782,8451,9379,11010,10224,10818,15380,14798,14205,14035,18061,18571,19513,20710,31595,33926,34655,34906,36063,35932.144,36173,35288.81,34427.83,34684.7718,35161.49,35161.49,35161.49
411282,4396,4396,4396,4396,4396,4396,4396,4396,4396,4396,4964,6022,7200.5,6908,8992,10560,12239,9954,8663,9231,9445,9566,9604,8701,9117,9436,9725,10146,10912,12504,12709,13989.377,14761,15137.36,14837.99,15068.7319,15122.19,15122.19,15122.19
411202,965,965,965,965,965,965,965,965,965,965,965,1188,1248,1415.3,1209,1584.8,1650,1748,1784,1627,1627,1738,1879,2020,2229,2400,2517,2656,2793,3071,3402,3238,3169,3552,3552,3552,3552,3552,3552
410381,7225,7225,7225,7225,7225,8162.4,9099.8,10037.2,10974.6,11912,13344,14007,15986,15848,17150,21638,29695,33652,33198,33296,32859,32755,34277,36223,37365,38466,38987,40033,41017,38835,30770,29443.978,31641,30160.62,30581.82,30396.1939,29926.36,29926.36,29926.36
410825,10650,10650,10650,10650,10650,10650,10650,10650,10650,10650,10631,11010,10976,11778,12052,13199,13987,14385,14151,15123,15953,16359,17172,17515,18703,19753,21062,23190,23722,24820,25811,26683.795,26827,27903.74,27910.11,28588.0172,29236.11,29236.11,29236.11
410182,8908,8908,8908,8908,8908,8908,8908,8908,8908,8908,9104,10551,11978,1088,14851,17723,20414,21436,25215,24861,24969,27590,28419,26345,29449,27666,28020,29372,30062,30707,29909,32027.574,32532,32759.84,32956.2,33028.5672,33037.53,33037.53,33037.53
410823,7102,7102,7102,7102,7102,7102,7102,7102,7102,7102,7016,8212,9232,10420,10274,11010,11513,11634,11801,11624,11826,11962,12346,12685,12810,13597,14092,14337,14797,17330,16459,16652.8,18136,17731.09,17323.28,17247.2491,17255.21,17255.21,17255.21
410821,4181,4181,4181,4181,4181,4181,4181,4181,4181,4181,3889,4590,5161,5338,5609,6275,6669,7268,7177,7330,6767,6927,7020,7140,7580,8223,7877,7933,8065,7740,7741,7562.6768,7458,7091.52,6564.62,8494.8806,8683.33,8683.33,8683.33
410822,13596,13596,13596,13596,13596,13596,13596,13596,13596,13596,16248,8991,8103,8645,9465,13565,14228,15821,13610,12734,13777,13423,13521,13383,14353,17154,17409,18182,14100,14100,14618,15413,15684,13481.06,13760.87,11697.5572,10214.91,10214.91,10214.91
410323,835,835,835,835,835,930.4,1025.8,1121.2,1216.6,1312,1714,1960,2011,2061,1761,2296,2703,2752,1875,2207,2532,2416,2078,3130,3210,3405,3470,3800,4075,4187,4285,5005.6741,5095,5926.76,6059.51,6229.9007,5408.1,5408.1,5408.1
610431,3017,2916,3266,2282,2229,6155,2926,5234,2550,2629,3112,3630.476191,4148.952381,4667.428571,5185.904762,5704.380952,6222.857143,6741.333333,7259.809524,7778.285714,8296.761905,8815.238095,9333.714286,9852.190476,10370.66667,10889.14286,11407.61905,11926.09524,12444.57143,12963.04762,13481.52381,14000,12935,11870,11970,11964,11961,11961,11961
610826,110,123,50,66,66,167,351,357,333,610,615,792.8333333,970.6666667,1148.5,1326.333333,1504.166667,1682,1812,1548,1802,1962,1192,1215,1380.686667,1546.373333,1712.06,1877.746667,2043.433333,2209.12,2728,3111,3494,3668,3750,3789,3789,4019,4311,4418
610116,6352,6633,6562,4430,6224,5440,5253,6393,8572,8237,8532,8827,9122,9122,9122,9122,9122,9122,9122,9122,9122,9122,9122,9122,9122,9122,9122,9122,9122,9122,9122,9122,9122,9122,9122,9122,9122,9122,9122
610521,1626,1399,1123,969,1142,1092,1228,1314,3395.2,2425.8,3258.23,3231.939444,3205.648889,3179.358333,3153.067778,3126.777222,3100.486667,3074.196111,3047.905556,3021.615,2995.324444,2969.033889,2942.743333,2916.452778,2890.162222,2863.871667,2837.581111,2811.290556,2785,2853.7,2915,2950,3000,3200,3250,3261,3320,3320,3320
610622,35,58,120,74,88,69,46,143,72,124,158,183,208,233,258,283,308,516,285,452,541.75,522,502,590,709.09,423.87,475,646,249,250,285,286,298,310,320,365,370,370,370
610202,,,,,,,,,,,,,,,,,,,,,,,,38,,,,,91.8,251.4,249.4,680,1399,1529,1680,1768,1759,,
610324,2441,2557,3657,3090,1634,2544.2,2397,3139,3627,3428,2716,2587.441667,2458.883333,2330.325,2201.766667,2073.208333,1944.65,1816.091667,1687.533333,1558.975,1430.416667,1301.858333,1173.3,2202.583333,3231.866667,4261.15,5290.433333,6319.716667,7349,3425.6,4141.733333,4857.866667,5574,5842,8713.5,11585,11585,11585,11585
610122,1785,2520,2563,1919,1603,1466,2289,1987,1997,2765,2875,2985,3095,3095,3095,3095,3095,3095,3095,3095,3095,3095,3095,3095,3095,3095,3095,3095,3095,3095,3095,3095,3095,3095,3095,3095,3095,3095,3095
610623,66,66,51,184,180,117,254,291,218,36,255,279.6666667,304.3333333,329,353.6666667,378.3333333,403,350,597,663,792.6,965,1012,654,819.74,942.59,1128,1351,1463,1871,1925,2295,2790.5,3286,3666,3844,4395,4395,4395
610428,246,226,1195,437,410,433,693,1088,1083,700,928,1017.142857,1106.285714,1195.428571,1284.571429,1373.714286,1462.857143,1552,1641.142857,1730.285714,1819.428571,1908.571429,1997.714286,2086.857143,2176,2265.142857,2354.285714,2443.428571,2532.571429,2621.714286,2710.857143,2800,3100,3400,3400,3527,3612,3612,3612
610429,231,421,446,503,555,688,557,796,617,746,796,900.952381,1005.904762,1110.857143,1215.809524,1320.761905,1425.714286,1530.666667,1635.619048,1740.571429,1845.52381,1950.476191,2055.428571,2160.380952,2265.333333,2370.285714,2475.238095,2580.190476,2685.142857,2790.095238,2895.047619,3000,3075,3150,3168,3320,3586,3586,3586
610628,80,126,54,42,70,160,194,247,376,366,432,440.8333333,449.6666667,458.5,467.3333333,476.1666667,485,476,585,766,747.78,782,793,935,1127.49,1336.88,1537,1762,2137,2303,3116.6,3312,3355,3398,2296,3971,4011,4011,4011
610823,166,135,129,130,214,360,241,358,359,288,387,601.1666667,815.3333333,1029.5,1243.666667,1457.833333,1672,1925,1195,1520,1731,2259,2312,2197.5,2083,1968.5,1854,1739.5,1625,626,572,518,520,3711,3721,3721,4031,5613,5775
610113,,,,,,,,,,,,,,,,,,,,,,,,,,,,,,,,,,,,,,,
610402,2672,2440,1900,1526,1857,1562,1660,1758,1758,1800,1800,2110.238095,2420.476191,2730.714286,3040.952381,3351.190476,3661.428571,3971.666667,4281.904762,4592.142857,4902.380952,5212.619048,5522.857143,5833.095238,6143.333333,6453.571429,6763.809524,7074.047619,7384.285714,7694.52381,8004.761905,8315,8317.5,8320,9016,9400,9400,9400,9400
610403,,,,,,,,,,,,,,,,,,,,,,,,,,,,,,,,,,,,,,,
610430,320,296,433,489,563,349,1079,871,952,1020,799,914.0476191,1029.095238,1144.142857,1259.190476,1374.238095,1489.285714,1604.333333,1719.380952,1834.428571,1949.476191,2064.52381,2179.571429,2294.619048,2409.666667,2524.714286,2639.761905,2754.809524,2869.857143,2984.904762,3099.952381,3215,3448.5,3682,3771,4181,4935,4935,4935
610821,101,144,115,162,159,158,216,374,556,455,367,615.5,864,1112.5,1361,1609.5,1858,1528,2691,3108,3224,3940,6033,5527.615,5022.23,4516.845,4011.46,3506.075,3000.69,320,320,320,351,351,351,351,352,4104,4175
610222,248,250,264,298,364,276,294,284,269,257,371,434.3636364,497.7272727,561.0909091,624.4545455,687.8181818,751.1818182,814.5454546,877.9090909,941.2727273,1004.636364,1068,739,410,413.42,416.84,420.26,423.68,427.1,415.7,449.2,430,429,442,449,471,564,564,564
610632,337,365,438,463,387,395,49,94,112,248,324,374.1666667,424.3333333,474.5,524.6666667,574.8333333,625,654,625,718,639.61,561,558,836,893.94,1186.51,1631,2064,492,567,498,502,300,98,104,115,118,118,118
610627,75,66,55,56,76,51,55,59,71,144,107,122.8333333,138.6666667,154.5,170.3333333,186.1666667,202,203,203,196,297.37,269,486,404,404.15,566.83,601,678,891,879,881.1,881,885.5,890,888,889,890,890,890
610326,2016,2150,2121,1646,1502,1661.1,2774,2642,2156,2464,5469,5505.866667,5542.733333,5579.6,5616.466667,5653.333333,5690.2,5727.066667,5763.933333,5800.8,5837.666667,5874.533333,5911.4,5942.833333,5974.266667,6005.7,6037.133333,6068.566667,6100,6599.1,7002.066667,7405.033333,7808,7495,11138.5,14782,14782,14782,14782
610822,111,132,114,154,131,132,226,694,524,527,709,2154.333333,3599.666667,5045,6490.333333,7935.666667,9381,6304,6000,5946,10135,15733,30360,25570,20780,15990,11200,6410,1620,2729,2751,2773,3591,3600,5513,5513,5619,3594,4088
610329,64,41,49,73,74,61.9,68,63,117,143,173,188.0583333,203.1166667,218.175,233.2333333,248.2916667,263.35,278.4083333,293.4666667,308.525,323.5833333,338.6416667,353.7,362.7333333,371.7666667,380.8,389.8333333,398.8666667,407.9,411.6,495.7333333,579.8666667,664,667,795,923,923,923,923
610630,62,39,28,79,264,21,38,181,149,186,107,112,117,122,127,132,137,167,166,1027,402.96,334,337,292,395.32,341.73,437,567,676,774.7,785.6,786,792,798,928,1427,1281,1281,1281
610626,292,292,292,292,292,292,292,292,292,292,292,292,292,292,292,292,292,292,292,292,292,292,320,439,601.47,611.65,679,849,1589,1829,646.9,618,521.5,425,481,591,592,592,592
610523,3892,5525,4861,3516,4994,4616,4489,5998,9393.8,9002,11143.3,11627.06111,12110.82222,12594.58333,13078.34444,13562.10556,14045.86667,14529.62778,15013.38889,15497.15,15980.91111,16464.67222,16948.43333,17432.19444,17915.95556,18399.71667,18883.47778,19367.23889,19851,17881,18846,20680,24133,35801,20672,23812,31526,31526,31526
610802,412,399,489,509,450,615,1114,1302,1032,4224,3980.571429,3737.142857,3493.714286,3250.285714,3006.857143,2763.428571,2520,2578,4377,4774,6006,5760.15,5514.3,5268.45,5022.6,4776.75,4530.9,4285.05,4039.2,1395,3117,4839,5120,5180,8569,8569,8382,8380,8400
610302,,,,,,,,,,,,,,,,,,,,,,,4222.2,,,,,,10261.8,8858.3,,,10400,8280,,8519,,,
610602,187,264,293,275,295,293,287,384,394,387,521,724.5,928,1131.5,1335,1538.5,1742,1368,1154,1163,2097.73,1146,1356,1591,1861.99,2428.69,2728,3946,4057,4283.5,3981,4515,4775,5035,3156,3874,5252,5252,5252
610322,2712,2710,3560,1996,1557,1905,3151,3241,3460,3179,3984,4383.416667,4782.833333,5182.25,5581.666667,5981.083333,6380.5,6779.916667,7179.333333,7578.75,7978.166667,8377.583333,8777,8430.833333,8084.666667,7738.5,7392.333333,7046.166667,6700,6334,10329.33333,14324.66667,18320,19433,11603,3773,3773,3773,3773
610631,1,2,9,21,25,42,25,26,23,21,50,67.5,85,102.5,120,137.5,155,142,166,180,204.38,184,187,216,217.54,238.28,262,259,157,154,170.3,177,176,175,204,200,215,215,215
610582,886,1180,1545,740,613,932,951,1803,4131.1,2503.75,2547.87,2653.543889,2759.217778,2864.891667,2970.565556,3076.239444,3181.913333,3287.587222,3393.261111,3498.935,3604.608889,3710.282778,3815.956667,3921.630556,4027.304444,4132.978333,4238.652222,4344.326111,4450,4873,6216.2,10276,11274,12279,11815,14138,14693,14693,14693
610323,2235,2818,2543,2049,2200,2447,2783,2163,2201,3510,4090,4402.216667,4714.433333,5026.65,5338.866667,5651.083333,5963.3,6275.516667,6587.733333,6899.95,7212.166667,7524.383333,7836.6,7613.833333,7391.066667,7168.3,6945.533333,6722.766667,6500,6503.8,6473.533333,6443.266667,6413,6825,8901.5,10978,10978,10978,10978
610125,5407,6709,5980,4725,4659,3509,4457,6629,5017,6240,6315.333333,6390.666667,6466,6466,6466,6466,6466,6466,6466,6466,6466,6466,6466,6466,6466,6466,6466,6466,6466,6466,6466,6466,6466,6466,6466,6466,6466,6466,6466
610327,590,578,610,517,533,604.9,774,774,947,1100,1121,1217.316667,1313.633333,1409.95,1506.266667,1602.583333,1698.9,1795.216667,1891.533333,1987.85,2084.166667,2180.483333,2276.8,2563.816667,2850.833333,3137.85,3424.866667,3711.883333,3998.9,3143.4,3336.933333,3530.466667,3724,4327,4964.5,5602,5602,5602,5602
610424,2927,3129,3896,2943,3248,3325,2222,4333,4436,4971,4562,4723.809524,4885.619048,5047.428571,5209.238095,5371.047619,5532.857143,5694.666667,5856.476191,6018.285714,6180.095238,6341.904762,6503.714286,6665.52381,6827.333333,6989.142857,7150.952381,7312.761905,7474.571429,7636.380952,7798.190476,7960,8368,8776,9598,13760,15369,15369,15369
610502,5513,6125,4502,3800,2912,4483,4968,5522,8532.22,6628.83,7630.05,8048.769444,8467.488889,8886.208333,9304.927778,9723.647222,10142.36667,10561.08611,10979.80556,11398.525,11817.24444,12235.96389,12654.68333,13073.40278,13492.12222,13910.84167,14329.56111,14748.28056,15167,17839.9,17839.8623,17841,17933,18907,19291,19823,19320,19320,19320
610115,6401,7196,5673,3469,3633,5869,6941,5225,5282,7066,9090.666667,11115.33333,13140,13140,13140,13140,13140,13140,13140,13140,13140,13140,13140,13140,13140,13140,13140,13140,13140,13140,13140,13140,13140,13140,13140,13140,13140,13140,13140
610527,1087,539,707,1060,1186,1177,872,1324,1916.2,1538.99,1752.3,1735.894444,1719.488889,1703.083333,1686.677778,1670.272222,1653.866667,1637.461111,1621.055556,1604.65,1588.244444,1571.838889,1555.433333,1539.027778,1522.622222,1506.216667,1489.811111,1473.405556,1457,1514.7,2076.696,4423,5828,8721,9452,10365,10962,10962,10962
610427,651,524,2058,733,942,821,936,1419,1516,1660,1858,1775.238095,1692.476191,1609.714286,1526.952381,1444.190476,1361.428571,1278.666667,1195.904762,1113.142857,1030.380952,947.6190476,864.8571429,782.0952381,699.3333333,616.5714286,533.8095238,451.0476191,368.2857143,285.5238095,202.7619048,120,3253.5,6387,6966,7534,8021,8021,8021
610423,3844,4041,3598,3207,3641,4174,4459,5232,5675,6273,6834,7203.809524,7573.619048,7943.428571,8313.238095,8683.047619,9052.857143,9422.666667,9792.476191,10162.28571,10532.09524,10901.90476,11271.71429,11641.52381,12011.33333,12381.14286,12750.95238,13120.76191,13490.57143,13860.38095,14230.19048,14600,14735,14870,15000,20000,20900,20900,20900
610126,2595,3210,1943,1331,1503,2328,2538,2655,2650,2638,2825.333333,3012.666667,3200,3200,3200,3200,3200,3200,3200,3200,3200,3200,3200,3200,3200,3200,3200,3200,3200,3200,3200,3200,3200,3200,3200,3200,3200,3200,3200
610114,1688,1906,1541,1004,1072,1059,2180,1520,1640,1893,1902,1911,1920,1920,1920,1920,1920,1920,1920,1920,1920,1920,1920,1920,1920,1920,1920,1920,1920,1920,1920,1920,1920,1920,1920,1920,1920,1920,1920
610621,51,88,50,56,51,52,15,47,68,75,81,101.3333333,121.6666667,142,162.3333333,182.6666667,203,256,212,142,286.82,365,331,376,466.14,537.17,481,950,2000,2000,2000,2000,2000,2000,2000,2000,2000,2000,2000
610624,32,61,32,46,62,96,102,107,112,117,91,128.6666667,166.3333333,204,241.6666667,279.3333333,317,461,486,538,571.7,498,466,579,845.91,645.66,874,1145,1120,1197,2255,2384,2436,2488,2552,2617,2734,2734,2734
610829,11,24,15,18,25,17,112,61,63,154,50,82.16666667,114.3333333,146.5,178.6666667,210.8333333,243,223,226,274,295,290,315,283.8333333,252.6666667,221.5,190.3333333,159.1666667,128,215,246.5,278,280,282,320,320,335,351,364
610522,697,890,676,892,604,461,697,1781,2472.1,2401.52,2892.33,2865.478333,2838.626667,2811.775,2784.923333,2758.071667,2731.22,2704.368333,2677.516667,2650.665,2623.813333,2596.961667,2570.11,2543.258333,2516.406667,2489.555,2462.703333,2435.851667,2409,3101.4,3201.3937,3276,2293,2359,2540,2760,2980,2980,2980
610825,92,82,251,186,338,228,380,654,429,968,967,1222,1477,1732,1987,2242,2497,2314,3179,3765,4663,5026,5558,4842.833333,4127.666667,3412.5,2697.333333,1982.166667,1267,6685,6665,6645,6820,6920,7060,7060,7280,7630,7683
610328,324,271,283,318,315,380.3,501,549,837,600,657,686.2666667,715.5333333,744.8,774.0666667,803.3333333,832.6,861.8666667,891.1333333,920.4,949.6666667,978.9333333,1008.2,968.15,928.1,888.05,848,807.95,767.9,913.5,1439.333333,1965.166667,2491,2558,2415,2272,2272,2272,2272
610425,4513,3418,2428,2209,2416,2593,1930,4703,1850,7100,7500,7681.571429,7863.142857,8044.714286,8226.285714,8407.857143,8589.428571,8771,8952.571429,9134.142857,9315.714286,9497.285714,9678.857143,9860.428571,10042,10223.57143,10405.14286,10586.71429,10768.28571,10949.85714,11131.42857,11313,14011.5,16710,17869,15132,14556,14556,14556
610422,3301,3375,3466,2747,1427,1761,2750,4083,3119,4160,4357,4862.285714,5367.571429,5872.857143,6378.142857,6883.428571,7388.714286,7894,8399.285714,8904.571429,9409.857143,9915.142857,10420.42857,10925.71429,11431,11936.28571,12441.57143,12946.85714,13452.14286,13957.42857,14462.71429,14968,15811.5,16655,16250,16403,15731,15731,15731
610304,3276,2628,2730,2805,2712,3796.6,5530,6075,5596,5544,6423,6403.611111,6384.222222,6364.833333,6345.444444,6326.055556,6306.666667,6287.277778,6267.888889,6248.5,6229.111111,6209.722222,6190.333333,6170.944444,6151.555556,6132.166667,6112.777778,6093.388889,6074,8247,8562.666667,8878.333333,9194,9967,10727,11487,11487,11487,11487
610581,1656,2712,1431,890,1060,1293,1616,2825,3659,2144.64,2955.99,3572.101667,4188.213333,4804.325,5420.436667,6036.548333,6652.66,7268.771667,7884.883333,8500.995,9117.106667,9733.218333,10349.33,10965.44167,11581.55333,12197.665,12813.77667,13429.88833,14046,26818.5,25563,26154,26000,26000,26000,26300,26790,26790,26790
610629,12,180,85,87,239,263,201,146,211,332,646,732.6666667,819.3333333,906,992.6666667,1079.333333,1166,994,1126,274,1136.59,1158,1354,1527,1817.54,2083.15,2260,2443,6884,6218.8,6662.4,6852,6527,6202,6002,7785,6677,6677,6677
610524,1058,864,740,984,1201,1386,5269,6166,3415.9,2175.89,8411.27,8194.810556,7978.351111,7761.891667,7545.432222,7328.972778,7112.513333,6896.053889,6679.594444,6463.135,6246.675556,6030.216111,5813.756667,5597.297222,5380.837778,5164.378333,4947.918889,4731.459444,4515,3654.7,3828.2564,3829,4376,4598,4529,4520,4598,4598,4598
610426,638,587,1746,463,485,475,806,824,847,837,952,1052.714286,1153.428571,1254.142857,1354.857143,1455.571429,1556.285714,1657,1757.714286,1858.428571,1959.142857,2059.857143,2160.571429,2261.285714,2362,2462.714286,2563.428571,2664.142857,2764.857143,2865.571429,2966.285714,3067,3221,3375,3630,3612,3618,3618,3618
610528,7037,6835,6196,4767,4622,4008,6508,10864,11065.5,11634.79,12495.41,12856.77611,13218.14222,13579.50833,13940.87444,14302.24056,14663.60667,15024.97278,15386.33889,15747.705,16109.07111,16470.43722,16831.80333,17193.16944,17554.53556,17915.90167,18277.26778,18638.63389,19000,23500,21200,24615,29104,30040,37854,41424,45566,45566,45566
610828,13,2,10,1,33,39,41,76,135,239,190,266.3333333,342.6666667,419,495.3333333,571.6666667,648,845,897,993,881,908,896,1230,1564,1898,2232,2566,2900,2920,2780,2640,1854,2450,2719,2719,2444,2482,2500
610526,5085,4898,4478,5333,5680,5499,5503,10897,11852.67,13144.02,8715.87,9064.321667,9412.773333,9761.225,10109.67667,10458.12833,10806.58,11155.03167,11503.48333,11851.935,12200.38667,12548.83833,12897.29,13245.74167,13594.19333,13942.645,14291.09667,14639.54833,14988,14980.9,14989.72,14991,15000,15800,16200,19158,22980,22980,22980
610625,45,46,21,22,24,43,16,18,21,24,33,61.83333333,90.66666667,119.5,148.3333333,177.1666667,206,307,264,241,328.29,376,443,391,502.91,582.96,906,996,1213,1858.7,1181.7,1182,1188.5,1195,1195,1195,1200,1200,1200
610831,2,3,10,26,35,54,118,147,150,199,208,276.3333333,344.6666667,413,481.3333333,549.6666667,618,715,645,654,720,971,920,1550,2180,2810,3440,4070,4700,2700,2957.5,3215,3214,3230,3237,3237,3301,3343,3306
610824,17,12,32,31,350,74,159,275,263,337,369,586.1666667,803.3333333,1020.5,1237.666667,1454.833333,1672,2255,2284,2774,2863,3412,3675,3885.833333,4096.666667,4307.5,4518.333333,4729.166667,4940,5116,3422,1728,10705,12800,14127,14127,13010,18300,26470
610525,1048,820,882,1872,1918,1504,1323,2786,3775.2,3852.16,4204.73,4180.633889,4156.537778,4132.441667,4108.345556,4084.249444,4060.153333,4036.057222,4011.961111,3987.865,3963.768889,3939.672778,3915.576667,3891.480556,3867.384444,3843.288333,3819.192222,3795.096111,3771,4025.6,4026.7146,5453,5025,6079,6663,8240,8361,8361,8361
610204,1028,937,978,953,1399,995,1076,1179,1675,2050,1833,2102.272727,2371.545455,2640.818182,2910.090909,3179.363636,3448.636364,3717.909091,3987.181818,4256.454546,4525.727273,4795,3945,3095,2998.66,2902.32,2805.98,2709.64,2613.3,3305.3,3804.7,3805,3809,4440,4512,4484,4650,4650,4650
610830,145,200,100,327,35,55,168,158,183,292,354,340,326,312,298,284,270,701,607,736,910,907,800,831.2166667,862.4333333,893.65,924.8666667,956.0833333,987.3,987,1204,1421,1580,2290,3000,3000,4500,3350,3470
611021,,,,,,,,,,,,,,,,,,,,,,,,,,,,,4097,5243,6086.8,,8233,9349,9879,10177,10561,,
610481,4918,4477,4569,3504,3809,4192,4973,5753,6150,6400,6356,6275,6194,6113,6032,5951,5870,5789,5708,5627,5546,5465,5384,5303,5222,5141,5060,4979,4898,4817,4736,4655,4667,4679,9512,13051,8731,8731,8731
140502,9941,9941,9941,9941,9941,9941,9941,9941,9941,9941,9941,9941,9941,9941,9941,9941,9941,9941,9941,9941,9941,9941,9941,19033,18797,20391,18846,20640,21420,23725,24142,23212,24109,24819,23640,5261.35,4474,4474,4474
141082,633,626,773,791,1397,1028,894,1002,1224,1146,1066,1226,1245,1578,1924,1979,1969,2117,2221,2341,2250.333333,2159.666667,2069,2111,2153,2195,2117,2258,2310,2345.1,2237,3082,3180,3192,3192,3266.14,3887.3,3887.3,3887.3
141181,6462,6462,6462,6462,6462,6462,6462,6462,6462,6462,6462,6462,6462,6462,6462,6462,6462,6462,6462,6462,6462,6462,6462,7632,8802,9972,10993.5,12015,17200,15075.4,11410,11712,10695,9978,10730,9948.1,9439,9439,9439
140105,19190,19190,19190,19190,19190,19190,19190,19190,19190,19190,19190,19190,19190,19190,19190,19190,19190,19190,19190,19190,19678,20166,20654,21142,21592.5,22043,21935,23472,20778,22462.2,21138,21837,24374,25932,27234,26177,26569,26569,26569
140926,154,166,179,182,230,399,328,332,271,306,337,342,370,413,436,462,523,488,509,503,521,618,578,578,598,641,689,713,892,1000.6,914,1054,1092,1030,1277,1337.75,1337.22,1337.22,1337.22
140121,3548.6,3548.6,3548.6,3548.6,3548.6,3548.6,4129.3,4710,5521.166667,6332.333333,7143.5,7954.666667,8765.833333,9577,10388.16667,11199.33333,12010.5,12821.66667,13632.83333,14444,15286,16128,16970,17027,16776.5,16526,18022,18291,18269,19165,19623,20560,20113,21270,19702,19494.99,19564,19564,19564
141123,477,477,477,477,477,477,500,523,649.1333333,775.2666667,901.4,1027.533333,1153.666667,1279.8,1405.933333,1532.066667,1658.2,1784.333333,1910.466667,2036.6,2162.733333,2288.866667,2415,2032.333333,1649.666667,1267,1236,1205,1187,1207.5,1793,2214,2224,3257,3198,3330.43,3284.08,3284.08,3284.08
140729,826.8,826.8,826.8,826.8,826.8,826.8,917.9,1009,1196.4,1383.8,1571.2,1758.6,1946,2133.4,2320.8,2508.2,2695.6,2883,3070.4,3257.8,3445.2,3632.6,3820,4122.666667,4425.333333,4728,5432,6136,5523,5576,5659,6190,6732,6809,9413,11339,11378,11378,11378
141102,3141,3141,3141,3141,3141,3141,3141,3141,3141,3141,3141,3141,3141,3141,3141,3141,3141,3141,3141,3141,3141,3141,3141,2869.333333,2597.666667,2326,2815.5,3305,3480,3730.6,4934,4717,5267,5071,4289,5599.44,5633.78,5633.78,5633.78
141125,411,411,411,411,411,411,548,685,1256.8,1828.6,2400.4,2972.2,3544,4115.8,4687.6,5259.4,5831.2,6403,6974.8,7546.6,8118.4,8690.2,9262,6728.666667,4195.333333,1662,1934,2206,2633,2928.3,4434,6315,3537,7150,3542,4121,3887,3887,3887
140431,202,434,396,202,344,448,417,491,508,579,672,630,809,841,896,1106,1210,1309,1376,1012,945,980,1059,1060,1162,909,1107,1414,1507,1838,2199.3,2481.64,2763.98,3046.32,3328.66,3611,3767,3767,3767
140602,2207,2207,2207,2207,2207,2207,2207,2207,2207,2207,2207,2207,2207,2207,2207,2207,2207,2207,2207,2207,2207,2207,2187,2165,2218,3051,2188,2137,2236,2297,3120,3259,3777,3817,3856,4502,4645,4645,4645
140822,2694,2731,2833,2160,2130,2174,2271,2710,2900,2988,3010,3290,3678,4392,5197,6045,7031,8152,9907,10031,11468,13758,13939,14361,15724,16571,18603,19221,20242,24009,27181,30559,39714,35725,37620,22452,22858,22858,22858
141124,1001,1001,1001,1001,1001,1001,942.5,884,1177.533333,1471.066667,1764.6,2058.133333,2351.666667,2645.2,2938.733333,3232.266667,3525.8,3819.333333,4112.866667,4406.4,4699.933333,4993.466667,5287,4613.333333,3939.666667,3266,3341,3416,4029,4053.1,5395,8728,5181,5908,5738,6110.36,5905,5905,5905
141127,286,286,286,286,286,286,336.5,387,406,425,444,463,482,501,520,539,558,577,596,615,634,653,672,707,742,777,970,1163,1298,1386.4,1795,2142,2048,2169,2247,2446.08,2390.23,2390.23,2390.23
141121,2572,2572,2572,2572,2572,2572,3398,4224,4408.933333,4593.866667,4778.8,4963.733333,5148.666667,5333.6,5518.533333,5703.466667,5888.4,6073.333333,6258.266667,6443.2,6628.133333,6813.066667,6998,7876.333333,8754.666667,9633,12314.5,14996,15234,13222,13583,15467,17128,17106,19318,18681.24,18433.49,18433.49,18433.49
141031,64,98,106,155,170,186,155,182,207,235,265,263,285,302,316,326,370,389,405,416,439.6666667,463.3333333,487,507.6666667,528.3333333,549,389,572,578,659,583,616,628,650,691,729.99,731.88,731.88,731.88
141129,499,499,499,499,499,499,709.5,920,1033.266667,1146.533333,1259.8,1373.066667,1486.333333,1599.6,1712.866667,1826.133333,1939.4,2052.666667,2165.933333,2279.2,2392.466667,2505.733333,2619,2833.333333,3047.666667,3262,3370,3478,5863,5925.7,2504,2415,6899,7041,7039,6761.59,6453.29,6453.29,6453.29
141026,99,66,119,83,93,178,141,163,175,192,196,195,223,229,227,241,249,264,297,333,350.3333333,367.6666667,385,398.6666667,412.3333333,426,264,438,468,472,475,476,477,481,483,473.38,512,512,512
140930,403,455,368,348,345,394,434,476,547,624,728,782,810,855,941,869,856,930,904,975,1002,1032,1062,1093,1117,1160,1224,1206,1233,1218.6,1354,2149,1484,1842,1438,1569.59,1581.75,1581.75,1581.75
141128,225,225,225,225,225,225,244.5,264,451.5333333,639.0666667,826.6,1014.133333,1201.666667,1389.2,1576.733333,1764.266667,1951.8,2139.333333,2326.866667,2514.4,2701.933333,2889.466667,3077,2328,1579,830,899,968,1035,1086.2,2269,2386,1691,2131,1992,2031,1986,1986,1986
141022,1007,1079,1021,1257,1349,1530,1361,1682,1688,1739,1386,1845,2293,2957,3266,2179,3208,3180,3069,2947,2965.333333,2983.666667,3002,3037.333333,3072.666667,3108,3180,3289,3387,3624.6,3741,3807,4430,4842,4921,5299.5,5423.56,5423.56,5423.56
141081,1725,1627,1716,1229,1425,1156,1466,1705,1563,1611,1634,1999,2308,2571,2817,3229,4202,4459,3092,2876,2881.333333,2886.666667,2892,3104.666667,3317.333333,3530,4459,3896,4246,3722.5,3907,4124,4296,4468,4737,4808,4862,4862,4862
140702,13116,13116,13116,13116,13116,13116,13116,13116,13116,13116,13116,13116,13116,13116,13116,13116,13116,13116,13116,13116,13116,13116,13116,13116,13116,13116,14874,16632,16751,17503.6,18135,19312,21186,21364,19049,18909,18983,18983,18983
140802,5668,4934,5052,3462,3323,3372,4372,4475,4673,5140,5605,8705,8739,8785,8848,9386,9662,11130,10446,10564,11279,11721,12420,12762,13832,16722,17158,18371,19577,20210,22001,24016,34322,35655,14149,23518.5,23645.6,23645.6,23645.6
141027,212,220,233,211,295,269,288,1345,1650,2521,552,1102,1429,1405,1435,1417,1438,1457,1413,1329,1424.666667,1520.333333,1616,2119,2622,3125,1457,3415,3425,2974.7,2966,2968,2993,3158,3074,2568.31,2723.17,2723.17,2723.17
141030,13,19,38,53,46,66,71,75,91,107,133,147,159,160,167,169,172,172,177,167,174.3333333,181.6666667,189,177.3333333,165.6666667,154,172,136,171,181.3,186,205,251,254,275,276,290.23,290.23,290.23
140821,4834,5320,6407,3743,4074,4062,4691,5380,5865,5527,6983,9100,9908,10434,11343,12516,12385,13614,13542,13794,14698,14846,16225,16890.5,17439,18644,19330,20626,21593,20839,21328,24303,27111,30278,32224,36377,35169,35169,35169
140927,208,188,257,179,227,214,219,272,288,311,371,361,443,733,749,787,808,681,888,927,839,813,852,982,1034,1048,1048,1170,1051,1279,559,538,593,601,588,758,717,717,717
140781,9077,9077,9077,9077,9077,9077,9077,9077,9077,9077,9077,9077,9077,9077,9077,9077,9077,9077,9077,9077,9077,9077,9077,10368,11659,12950,15511,18072,29876,34224.5,37895,43677,46660,49160,47584,45632.51,47905,47905,47905
140826,1314,1165,1354,1171,992,1184,1523,1676,2991,3280,3407,5766,4534,4847,5444,5562,7781,7967,8466,8552,8845,8913,8955,7973,8220,8601,8946,9346,9603,10143.2,10156,12093,15097,17438,5491,5540.8,5587.6,5587.6,5587.6
140929,71,82,87,92,121,138,140,184,202,192,213,209,218,220,233,246,246,410,404,405,401,481,342,337,355,395,403,432,449,501,493,468,458,455,450,445,443,443,443
140123,365.1,365.1,365.1,365.1,365.1,365.1,377.05,389,419.5,450,480.5,511,541.5,572,602.5,633,663.5,694,724.5,755,788.6666667,822.3333333,856,894,922,950,1002,1017,1038,1120,704,725,711,570,680,655,662,662,662
141032,37,51,49,53,60,55,67,66,75,90,108,118,126,138,149,152,154,143,156,146,143,140,137,139,141,143,143,173,178,185.1,199,286,340,351,354,377.16,377.94,377.94,377.94
140727,4737.2,4737.2,4737.2,4737.2,4737.2,4737.2,5054.6,5372,5636.066667,5900.133333,6164.2,6428.266667,6692.333333,6956.4,7220.466667,7484.533333,7748.6,8012.666667,8276.733333,8540.8,8804.866667,9068.933333,9333,10083.66667,10834.33333,11585,12748.5,13912,14542,15285,15459,17117,17273,18251,18346,17972.9,16706,16706,16706
140931,239,245.84,163.02,139.3,238.67,130,165,202,178,195,294,408,392,548,641,3740,3840,4417,4161,4312,4479,4149,3819,7000,10181,13362,13458,14528,6424,6435,6322,6239,6245,6388,6086,6104,6226,6226,6226
141002,2495,2402,2189,2062,2128,2173,2300,3735,2853,3140,3203,4077,4642,4722,4574,5145,5479,5822,6128,6416,6419,6422,6425,6428,6431,6434,5822,6775,7187,8478.6,8879,9126,11335,11324,12072,12904.1,15243,15243,15243
141130,508,508,508,508,508,508,478.5,449,847.4666667,1245.933333,1644.4,2042.866667,2441.333333,2839.8,3238.266667,3636.733333,4035.2,4433.666667,4832.133333,5230.6,5629.066667,6027.533333,6426,7008.666667,7591.333333,8174,8690.5,9207,9103,7741,2389,4724,7723,8465,8493,6939.36,6855.1,6855.1,6855.1
140723,368.4,368.4,368.4,368.4,368.4,368.4,494.2,620,696.6,773.2,849.8,926.4,1003,1079.6,1156.2,1232.8,1309.4,1386,1462.6,1539.2,1615.8,1692.4,1769,1731.333333,1693.666667,1656,1764,1872,1968,1985.3,2041,2151,2217,2398,2101,1912,2014,2014,2014
140829,1357,1360,1106,1000,944,1057,1157,1201,1125,1297,1584,1613,1706,1868,1877,1651,2034,2189,3301,3418,3694,3619,3665,3197,3660,3934,4168,4125,4270,4466.1,5578,6046,6806,6984,7048,7000.86,6365.4,6365.4,6365.4
140725,876,876,876,876,876,876,848.5,821,854.4666667,887.9333333,921.4,954.8666667,988.3333333,1021.8,1055.266667,1088.733333,1122.2,1155.666667,1189.133333,1222.6,1256.066667,1289.533333,1323,1389,1455,1521,1646.5,1772,1947,2144.6,2394,4000,4516,4689,4837,6490,6543,6543,6543
141023,2560,2763,3110,3011,3075,3980,3938,3998,3924,4029,3824,4806,5160,6919,8997,9335,8988,9915,8802,9134,9502,9870,10238,10831.33333,11424.66667,12018,9915,12553,13190,13724,14686,15843,20097,22935,25150,25138.8,25158.1,25158.1,25158.1
140827,532,525,548,508,488,373,547,578,603,659,853,892,1016.5,1141,1450,1759,2032,2305,2297,2289,2270,2214,2317,2400,2384,2503,2864,2863,2974,3040,3171,3395,3535,3567,3571,3596,3610,3610,3610
140522,1775,1775,1775,1775,1775,1775,3584,5393,6401.733333,7410.466667,8419.2,9427.933333,10436.66667,11445.4,12454.13333,13462.86667,14471.6,15480.33333,16489.06667,17497.8,18506.53333,19515.26667,20524,21537,22719,22348,22809,23442,24744,24849,25329,25844,25923,27143,28358,25205,25235,25235,25235
141025,150,148,159,151,179,202,202,530,535,551,373,592,698,702,704,535,548,576,585,630,642.3333333,654.6666667,667,680.6666667,694.3333333,708,576,770,779,797.8,808,821,1055,1068,1175,1229.34,1284.61,1284.61,1284.61
140881,3417,3553,4604,3146,3185,3038,3325,3602,3659,3954,4822,6017,6847,6428,8215,9890,14254,12513,11191,12090,15486,16644,17342,17982,16364,15929,17074,20499,27878,19781,17312,17328,17395,17424,17801,17612,18267.5,18267.5,18267.5
140882,3350,3327,3386,3150,3888,4186,4334,4410,4764,5191,5471,6088,6939,6939,8341,9595,9639,10305,9591,9962,10556,11659,11140,10495,9515,11949,13789,17513,11920,12924.5,10125,10536,16684,18774,27606,18647,17631,17631,17631
140726,4213.9,4213.9,4213.9,4213.9,4213.9,4213.9,5007.45,5801,6212,6623,7034,7445,7856,8267,8678,9089,9500,9911,10322,10733,11144,11555,11966,11259.33333,10552.66667,9846,9790.5,9735,10158,10607,11374,11751,13141,13028,13382,14283,14369,14369,14369
141028,76,93,55,54,36,40,89,104,130,140,152,162,177,193,197,202,209,213,222,229,232,235,238,244.6666667,251.3333333,258,213,318,321,325.4,329,340,340,306,301,297.48,306.91,306.91,306.91
140828,3195,3628,3340,2475,2518,2635,3086,3144,2906,3451,3890,4058,4134,4404,5191,8060,9561,11097,10487,10024,11582,11985,14006,10359,13184,14717,16642,17104,13980,14326.2,14032,13901,15162,15422,15728,15449.87,15878,15878,15878
140825,2279,2508,2833,2352,2375,2921,3595,3793,4308,3963,4318,5284,5667,4926,5881,5969,5714,7350,7114,7436,8075,8753,8879,7762,8987,9742,10189,12152,12823,15752.2,13486,14035,14575,14322,18443,19108.79,19244.91,19244.91,19244.91
140830,1674,1437,1982,2877,3173,2344,2273,2356,2480,2759,3048,3910,4573,4691,5058,5879,5580,6053,5743,5981,6327,7272,8319,8013,8366,8810,9113,9681,10018,10262,10712,11285,11929,12742,13955,13927,14617,14617,14617
141034,193,208,212,198,283,292,340,296,286,313,276,342,341,356,390,418,456,461,452,449,486.6666667,524.3333333,562,563,564,565,461,609,637,719,769,1471,1471,1475,1550,1570.53,1652.8,1652.8,1652.8
140824,3892,3636,3419,2978,3385,2687,2797,3694,3274,4602,5071,5652,6083,5471,5249,5417,6066,6985,7213,7005,7935,9279,10157,8309,7919,18897,20329,22723,25200,32687,31918,33329,34572,38413,38456,37272,37285,37285,37285
140724,3105.8,3105.8,3105.8,3105.8,3105.8,3105.8,2867.9,2630,2738.533333,2847.066667,2955.6,3064.133333,3172.666667,3281.2,3389.733333,3498.266667,3606.8,3715.333333,3823.866667,3932.4,4040.933333,4149.466667,4258,4318.333333,4378.666667,4439,4288,4137,4546,3948.4,4105,4022,4943,4594,3970,3686,3882,3882,3882
140521,626,626,626,626,626,626,839,1052,1161.2,1270.4,1379.6,1488.8,1598,1707.2,1816.4,1925.6,2034.8,2144,2253.2,2362.4,2471.6,2580.8,2690,3300,4018,4033,4108,4288,4291,4297,4011,3482,3724,3804,4505,4344.42,4200,4200,4200
140928,256,214,234,250,239,267,432,267,275,289,309,309,339,348,392,411,441,435,441,457,467,492,496,550,568,519,569,624,657,713.8,739,775,805,837,976,1196.18,1213.8,1213.8,1213.8
141122,2289,2289,2289,2289,2289,2289,2794.5,3300,3481.6,3663.2,3844.8,4026.4,4208,4389.6,4571.2,4752.8,4934.4,5116,5297.6,5479.2,5660.8,5842.4,6024,7345.666667,8667.333333,9989,10406.5,10824,11066,11177.1,5974,6758,15073,16745,15505,15873.27,15061.39,15061.39,15061.39
140728,2945.6,2945.6,2945.6,2945.6,2945.6,2945.6,3008.3,3071,3379.066667,3687.133333,3995.2,4303.266667,4611.333333,4919.4,5227.466667,5535.533333,5843.6,6151.666667,6459.733333,6767.8,7075.866667,7383.933333,7692,7844.666667,7997.333333,8150,8817,9484,9882,10429,11390,11886,12333,12526,12032,13242.87,13470,13470,13470
140181,2495,2495,2495,2495,2495,2495,2495,2495,2495,2495,2495,2495,2495,2495,2495,2495,2495,2495,2495,2495,2634.666667,2774.333333,2914,2948,2950.5,2953,3248,3305,3265,3236,3457,3427,3353,3423,3391,3291,3395,3395,3395
140581,10263,10263,10263,10263,10263,10263,10263,10263,10263,10263,10263,10263,10263,10263,10263,10263,10263,10263,10263,10263,10263,10263,10263,9423,7771,7180,8897,11821,12650,12697,11610,12798,15057,18564,18374,16422,17421,17421,17421
141033,40,52,66,136,160,252,149,203,217,230,242,187,288,389,470,524,576,580,646,732,778.3333333,824.6666667,871,898.3333333,925.6666667,953,580,986,1011,1917.8,1891,2003,2086,2078,2228,2204,2289,2289,2289
141024,2231,1912,1911,1984,2211,2371,2666,3064,3082,3359,3710,3828,3897,4439,4362,5075,5062,4907,5350,6109,6333.333333,6557.666667,6782,7158,7534,7910,4907,8319,8452,8895.4,9431,9618,11981,12200,12619,12642.54,12772,12772,12772
140623,790,790,790,790,790,790,790,790,790,790,790,790,790,790,790,790,790,790,790,790,790,790,779,604,688,754,688,762,801,838.2,871,917,908,930,983,1007,1104,1104,1104
140932,123,125.2,127.4,129.6,131.8,134,150,145,157,192,194,201,231,245,252,384,395,404,416,404,389,429,449,552,522,711,350,911,961,1014,1001,1004,1009,1032,1008,972.18,977.16,977.16,977.16
141182,5226,5226,5226,5226,5226,5226,5226,5226,5226,5226,5226,5226,5226,5226,5226,5226,5226,5226,5226,5226,5226,5226,5226,6034,6842,7650,8710,9770,10131,10148,11480,13278,10299,9765,9517,14999.1,13457,13457,13457
140823,3117,2524,2175,2284,2496,2138,2138,2220,2304,3325,3327,4180,3655,4390,4936,5655,5899,6213,6283,6654,7987,8491,10245,9750,10238,12313,13181,13901,15025,16841,21647,22294,27004,28854,30039,29204.15,29337.43,29337.43,29337.43
141029,106,91,111,385,299,320,314,378,471,595,722,782,904,1054,1034,1041,1426,1442,1504,1407,1459.666667,1512.333333,1565,1573.666667,1582.333333,1591,1442,1783,1979,2088.7,2110,2526,2786,3091,3270,3556.5,3679.9,3679.9,3679.9
141021,2312,2097,1668,1428,1474,1462,1728,2372,2587,2597,2914,3529,5463,4579,4521,4350,4198,4055,4574,4313,4792,5271,5750,6338,6926,7514,4055,8610,9777,7660.7,8839,10411,10576,10990,10667,9973.48,11202.88,11202.88,11202.88
141126,117,117,117,117,117,117,144,171,197.2666667,223.5333333,249.8,276.0666667,302.3333333,328.6,354.8666667,381.1333333,407.4,433.6666667,459.9333333,486.2,512.4666667,538.7333333,565,606,647,688,687,686,732,776,1045,1571,890,928,933,1084,1219,1219,1219
620102,3184.41,3184.41,3184.41,3184.41,3144.09,3371.21,4011.43,4766.54,5500.59125,6234.6425,6968.69375,7702.745,8436.79625,9170.8475,9904.89875,10638.95,9798.2,9929.78,10311.11,10546.95,10808.98,10231.1,10442.02,10420.07,10799.9,11054.02,11120.41,11385.67,12063.4,12153.18,15184,15752,15593,16600,16208,15889,16166,16166,16166
620121,1765.41,1765.41,1765.41,1765.41,2313.94,2795.52,1985.62,2166.7,3069.2775,3971.855,4874.4325,5777.01,6679.5875,7582.165,8484.7425,9387.32,10250.59,10230.75,9896.69,8003.19,8623.19,4881.72,5180.49,4930.77,5794.97,6009.33,6687.33,6952.64,7281.13,8736.6,9632.52,10246,10377,11448,9766,10185,10066.48,10066.48,10066.48
620122,11229.53,11229.53,11229.53,11229.53,8795.31,8264.33,7949,10311,13013.89,15716.78,18419.67,21122.56,23825.45,26528.34,29231.23,31934.12,29800.78,31806.49,31026.12,20678,19116.95,12891.49,14892.07,13983.43,12776.63,13274.98,12546.11,12707.46,11547.19,11790.4,11920.57,11798,11268,11283,2974,2954,2976.77,2976.77,2976.77
620123,4999.44,4999.44,4999.44,4999.44,5167.14,6115.64,7594.22,10069.9,9425.9275,8781.955,8137.9825,7494.01,6850.0375,6206.065,5562.0925,4918.12,12950.76,8055.5,8260,2046.88,2060.08,2288.13,3569.42,3923.58,3825.74,4304.16,4312.58,4739.33,4787.74,5028.24,5145.81,5126,5459,5706,5788,5856,5891.51,5891.51,5891.51
620402,406.9,406.9,406.9,406.9,406.9,1468.38,1229.3,1594,1951.89375,2309.7875,2667.68125,3025.575,3383.46875,3741.3625,4099.25625,4457.15,4500.6,4659.8,4858.51,4860,7038.28,7067.95,7081.5,7016.11,7129,9031.91,7629.14,4206.4,4234.04,4312.2,4424.62,4266,5580,5683,5887,5903,5853.2,5853.2,5853.2
620421,2992,2992,2992,2992,2992,3128.1,1774.01,2405.2,2721.04375,3036.8875,3352.73125,3668.575,3984.41875,4300.2625,4616.10625,4931.95,5312.81,9092.74,13828.84,13830,14537.4,14541.9,14583,14725,14789,15089,15185.85,16023.21,17403.76,17972.58,18522.48,18693,18865,18988,19068,19120,17655.17,17655.17,17655.17
620422,185,185,185,185,185,231.39,342.96,637.66,921.39,1205.12,1488.85,1772.58,2056.31,2340.04,2623.77,2907.5,1934.9,2067.2,2510.24,2535.45,2626.1,2665.18,2742.7,2940.5,3029.2,3186.8,3308,3370,3289.4,3502.3,3531.1,3818,3938,4139,4269,4400,4464.98,4464.98,4464.98
620423,1993.8,1993.8,1993.8,1993.8,1993.8,1987,1709,2917.33,3036.50375,3155.6775,3274.85125,3394.025,3513.19875,3632.3725,3751.54625,3870.72,4615.77,4651.39,4901.51,4912.52,4500.53,4664.24,4634.03,4720.1,4730,4830.14,6022.83,6208.57,6203.67,6709.22,6738.19,6671,6937,7191,7477,10739,10811.45,10811.45,10811.45
620503,2025.22,2025.22,2025.22,2025.22,2025.22,2025.22,1642,2181.63,2278.565,2375.5,2211.94,1872.36,2222.91,2346.655,2470.4,4751,6804.35,5283,5293.95,3763.71,3642,5168.98,5900.39,5991.94,6416.41,6421.01,6168.93,6032.1,6051.26,6081.98,6489.66,6587,6710,6919,7081,7752.93,8158.44,8158.44,8158.44
620521,337.67,337.67,337.67,337.67,337.67,515.1,420,400.5,740.4,1080.3,799.24,861.19,922.05,936.525,951,1023,1181.09,1284,1221.67,1259.62,1265,1328.05,1332.16,1370.92,1470.86,1474.9,1579.89,1655.33,1958.02,2170.08,2273.19,2493,2607,2668,2733,2787.61,2857.34,2857.34,2857.34
620522,685.49,685.49,685.49,685.49,685.49,679.07,730.67,1111.38,1274.39,1437.4,1582.11,1693.86,1772.06,1999.43,2226.8,1731,1940.1,2319,2319.98,2674.36,2396,2560.35,2933.49,3154.8,3372.6,3464.6,3886.66,4349.36,4841.56,5383.96,5785.38,6255,6704,6927,7100,7501,7362,7362,7362
620523,744.44,744.44,744.44,744.44,744.44,2995.08,1692.38,1169.44,1720.07,2270.7,2350.4,1759.86,1943.12,1934.71,1926.3,1890,1692.69,2186,2292.46,2363.54,2782,2586.6,2918.32,3094.8,3147.46,3446.47,3905.43,4172.57,4317.73,5016.07,5232.38,5424,5527,5891,6192,6339.45,6441.84,6441.84,6441.84
620524,677.5,677.5,677.5,677.5,677.5,631.41,628.73,742.14,952.77,1163.4,1208.58,1442.33,1673.74,1847.17,2020.6,2226,2260.53,2375,2184.05,2154.73,2287,2427.2,2430.89,2534.02,2569.42,3278.32,3235.02,3491.35,3735.59,3804.99,3832.73,4140,4691,4731,4827,5033.87,5256.81,5256.81,5256.81
620525,535.14,535.14,535.14,535.14,535.14,737.83,927.41,479.13,579.065,679,898.7,922.28,899.8,1005,1110.2,976,1251.05,1487,1352.09,1462.47,1503,1673.9,1581.1,1560,1577.8,1589,1627,1828.35,2216.35,2266.92,2344.04,2433,2486,2528,2643,2702.15,2777.13,2777.13,2777.13
620622,1960.26,1960.26,1960.26,1960.26,1960.26,2426.96,2893.66,2986.8,3465.95,3945.1,4424.25,4903.4,5382.55,5861.7,6340.85,6820,6920,5054.28,6130.17,6000,7504.78,8012.693333,8520.606667,9028.52,9536.433333,10044.34667,10552.26,11060.17333,11568.08667,12076,12122,14206,14845,14944,15840,15971,16134,16134,16134
620802,519.46,519.46,519.46,519.46,519.46,1016.05,733,962.5,1072.205,1181.91,1291.615,1401.32,1511.025,1620.73,1730.435,1840.14,2083.1,1703.99,1840.45,2077.55,2359.27,2311.4,2502.85,2856.45,3359.1,3573.21,3870.25,4077.61,4110.41,4212.06,4256.66,4313,4464,4676,4802,4847.66,4911,4911,4911
620821,1034.39,1034.39,1034.39,1034.39,1034.39,576.1,697.23,810.35,887.3725,964.395,1041.4175,1118.44,1195.4625,1272.485,1349.5075,1426.53,1589.7,456.25,797.9,660.23,689.07,725.91,964.08,1160.71,1789.69,1833.83,1979.8,3114.39,4301.38,4471.31,5078.68,5213,5640,4863,4947,5055.6,5186,5186,5186
620822,294.43,294.43,294.43,294.43,294.43,309.83,349,361.89,425.715,489.54,553.365,617.19,681.015,744.84,808.665,872.49,1311.87,1056.45,1048.9,1208.29,1374,1468.47,1597.4,1939.01,2083.2,2777.93,2783.9,2846.99,2977,3109.75,3432.95,3482,3518,3589,3698,3838.13,3892.28,3892.28,3892.28
620823,104.28,104.28,104.28,104.28,104.28,98.11,105,186.08,208.61,231.14,253.67,276.2,298.73,321.26,343.79,366.32,385.55,452.19,407.1,378.54,397.8,414.22,495.05,526.48,532.24,736.99,750.69,806.85,893.27,906.24,902.72,926,955,957,988,1013.44,1040.69,1040.69,1040.69
620824,202.17,202.17,202.17,202.17,202.17,211.97,285,295,317.49625,339.9925,362.48875,384.985,407.48125,429.9775,452.47375,474.97,620.41,707.03,785.79,757.93,764.98,726.86,827.03,856.76,942.48,1194.48,1252.26,1403.97,1418.76,1540.02,1601.17,1784,1844,1881,1988,2118.35,2137.28,2137.28,2137.28
620825,606.73,606.73,606.73,606.73,606.73,791.48,858.65,852.67,947.08625,1041.5025,1135.91875,1230.335,1324.75125,1419.1675,1513.58375,1608,1480,2079.9,2435.94,2645.06,2395.64,1575.98,1789.04,2140.13,2248.17,2377.65,2625.23,2842.77,3803.77,4118.83,4324.54,4703,5091,5394,5798,6591.68,6627.47,6627.47,6627.47
620826,649.94,649.94,649.94,649.94,649.94,750.09,1046.72,907,954.59,1002.18,1049.77,1097.36,1144.95,1192.54,1240.13,1287.72,1628.76,1855.21,1893.98,2057.39,4195.7,2952.7,3066.86,3230.25,3492.63,3766.46,4819.32,5826.91,5924.84,6399.68,6589.55,7042,7630,7988,8572,9002.6,9111,9111,9111
621002,540.99,540.99,540.99,540.99,540.99,540.99,540.99,784.51,916.555,1048.6,1180.645,1312.69,1444.735,1576.78,1708.825,1840.87,2383.88,2435.74,2096.82,2151.63,2212,2232,2288.82,2289,2680.64,2708.14,2724.44,2804.44,2922.44,3042.34,3186.34,3842,4014,4181,4344,4430.46,4487.46,4487.46,4487.46
621021,515.85,515.85,515.85,515.85,515.85,595.39,169.14,209.24,556.305,903.37,1250.435,1597.5,1944.565,2291.63,2638.695,2985.76,3038.08,3089.38,3226.17,3309.87,2912.42,2386.88,2550.96,2623.33,2707.32,2706.4,2876.07,3159,4133.75,4608.16,6189.27,6266,6392,6929,7676,8082.94,8160.39,8160.39,8160.39
621022,54.25,54.25,54.25,54.25,54.25,226.16,117.13,121.89,213.9575,306.025,398.0925,490.16,582.2275,674.295,766.3625,858.43,1037.55,2048.55,2860.35,3989,4430.29,4460.29,3122.5,3174.5,3285.2,3315.6,3300,8009,9012.53,10866.94,11223.52,13452,15108,16921,17975,19647.78,17741.2,17741.2,17741.2
621023,4.51,4.51,4.51,4.51,4.51,16.8,1.61,33.37,201.97375,370.5775,539.18125,707.785,876.38875,1044.9925,1213.59625,1382.2,1230.4,891.4,902.55,918.68,810.41,910.98,942.31,925.34,987.5,1011.63,1006.91,1048,1152.93,1446.9,1535.64,1536,1570,1649,1710,1756,1802,1802,1802
621024,119.41,119.41,119.41,119.41,119.41,121.71,153.51,169.69,226.785,283.88,340.975,398.07,455.165,512.26,569.355,626.45,693.65,943.65,662.51,911.8,1373.9,1694.5,1789,2008,2142.7,2336.9,2427.8,2517.7,2785.3,2954.3,3096.5,3196,3386,3496,3572,3649.8,3746.2,3746.2,3746.2
621025,414.13,414.13,414.13,414.13,414.13,390.28,365.23,291.96,325.2775,358.595,391.9125,425.23,458.5475,491.865,525.1825,558.5,775,849,934,1019.8,1078,1156.04,1194.83,1135,1194,1397.53,1425.95,1788.05,2463.46,2666.67,2747.19,2938,3136,3566,3604,3982,4041,4041,4041
621026,394.61,394.61,394.61,394.61,394.61,342.36,524.89,553.04,766.63625,980.2325,1193.82875,1407.425,1621.02125,1834.6175,2048.21375,2261.81,2130.7,2274.7,2506.27,3261.73,3272,3278,3463.3,3468,3846.41,4142.8,4694,4704,4804,5426,5116.5,5890,9580,10157,10517,10624,10685,10685,10685
621027,500.73,500.73,500.73,500.73,500.73,477.65,550.19,906.06,1018.0225,1129.985,1241.9475,1353.91,1465.8725,1577.835,1689.7975,1801.76,1933.19,2635.98,2660,2930,2995,2797,2907,3257,3257,3277,3307,3307,3806,4806,5767,6436,6643,6809,7199,7595,8205,8205,8205
621102,403,403,403,403,403,1467.4,1628.89,1814.18,1838.655,1863.13,1887.605,1912.08,1936.555,1961.03,1985.505,2009.98,2155.11,2475.64,2660.67,2736.69,2497.67,2571.7,2738.75,2793.25,2897.01,3149.58,3236.2,4463.01,3685.46,5183.24,6009.01,6094.01,732,772,769,8359.38,8399.96,8399.96,8399.96
621121,275,275,275,275,275,293.9,391.41,483.01,513.8275,544.645,575.4625,606.28,637.0975,667.915,698.7325,729.55,784.97,915.67,1005.42,1079.78,1937.4,2749.71,2738.5,2740,2721.72,2825,2800.91,2707.15,2257.83,2575.3,2887.75,3442,4042,5029,5353,5613.61,5669.54,5669.54,5669.54
621122,360,360,360,360,360,327.3,515,556.71,710.1075,863.505,1016.9025,1170.3,1323.6975,1477.095,1630.4925,1783.89,1837.34,1988.06,1927.53,2323.42,2336.73,2170.98,2503.54,2718.98,2419.49,2585.2,2810.9,2755.1,3197.3,3288.72,3381.04,3903,3953,4111,4462,4795.7,4855.35,4855.35,4855.35
621123,657,657,657,657,657,685.64,181.96,361.7,463.46,565.22,666.98,768.74,870.5,972.26,1074.02,1175.78,1352.63,1450.78,1314.8,1384.2,1512,1487.9,1539.5,1723.6,1725,1802.3,2095.72,2098.4,2194.76,2893.4,2917.29,3219,4000,4195,4604,4745.7,4775.4,4775.4,4775.4
621124,593,593,593,593,593,775.26,957.52,1090.84,1198.615,1306.39,1414.165,1521.94,1629.715,1737.49,1845.265,1953.04,2221.5,2360.86,2960.67,2879.21,2995.45,3150.844444,3306.238889,3461.633333,3617.027778,3772.422222,3927.816667,4083.211111,4238.605556,4394,5466,6991,8058,8759,8498,8799.99,8824.8,8824.8,8824.8
621125,161.35,161.35,161.35,161.35,161.35,146.32,203.74,187.17,210.4825,233.795,257.1075,280.42,303.7325,327.045,350.3575,373.67,506.57,443.58,481.3,470.64,500.94,549.89,541.42,768.38,639.21,685.14,743.18,768.28,801.08,832.98,925.98,992,1106,1034,1058,1103.47,1155.87,1155.87,1155.87
621126,127,127,127,127,127,93.25,59.5,78.29,152.90125,227.5125,302.12375,376.735,451.34625,525.9575,600.56875,675.18,895.68,920.2,1055.91,1198.38,1414.76,1524.897778,1635.035556,1745.173333,1855.311111,1965.448889,2075.586667,2185.724444,2295.862222,2406,2112,2134,2136,2146,2213,2733.24,2778.08,2778.08,2778.08
622901,200.52,200.52,200.52,200.52,200.52,192,258.6,378,466.4575,554.915,643.3725,731.83,820.2875,908.745,997.2025,1085.66,1245.41,1340.54,1342.25,1744.27,1739.53,1757.58,1880.68,2002.27,2809.22,3069.64,3337.6,3698,3714.81,3724,4053,4101.77,4238,4244,4298,4302.24,4356.44,4356.44,4356.44
622921,507.11,507.11,507.11,507.11,507.11,748.13,523.04,522.47,613.115,703.76,794.405,885.05,975.695,1066.34,1156.985,1247.63,1335.72,1416.33,1434.71,1472.83,1503.48,1561.11,1678.27,1763.81,1811.34,1941.33,2122.99,2218.04,2321.2,2218.13,2335.65,2505.03,2663,2846,2985,3059,3164.99,3164.99,3164.99
622922,396.9,396.9,396.9,396.9,396.9,622.01,750,614,639.55,665.1,690.65,716.2,741.75,767.3,792.85,818.4,870.48,899.77,1102.4,1137.1,1985.7,2010.5,2035,8998,7288,7665,7858.59,7937,7392,5963.46,5901.98,6139,6393,6800,8095,8288.21,8537.51,8537.51,8537.51
622923,6861,6861,6861,6861,6861,3544.14,3212,4294,4693.09625,5092.1925,5491.28875,5890.385,6289.48125,6688.5775,7087.67375,7486.77,8618.47,8541.66,8819.98,8861.66,8138.23,8346.84,8422.22,8673,10598.84,10766.26,10876.32,11112.2,11335.55,11449.15,11481.94,11823,11941,12279,12346,12485.71,12552.89,12552.89,12552.89
622924,550,550,550,550,550,989,754,935,926.0575,917.115,908.1725,899.23,890.2875,881.345,872.4025,863.46,963.93,805.8,779.8,815.5,860.81,880.5,880.5,882.72,998,1624,1616,2079.89,2474.87,2920.35,3375.6,3522,3545,3652,3835,4013.34,4035.45,4035.45,4035.45
622925,267.5,267.5,267.5,267.5,267.5,778.92,389.75,572.32,603.28,634.24,665.2,696.16,727.12,758.08,789.04,820,631.72,447.01,564.27,453.61,494.33,557.81,623.95,888.72,717.57,708.92,725.8,813.84,895.14,987.64,1057,1070,1062,1141,1391,1426.57,1457.92,1457.92,1457.92
622926,1382,1382,1382,1382,1382,1531,1680,1392,1563.9325,1735.865,1907.7975,2079.73,2251.6625,2423.595,2595.5275,2767.46,2169.99,892,1858.9,2825.8,2830.8,3174.377778,3517.955556,3861.533333,4205.111111,4548.688889,4892.266667,5235.844444,5579.422222,5923,6034,6040,6100,6114,6132,6193.43,6236.04,6236.04,6236.04
622927,226.6,226.6,226.6,226.6,226.6,322.195,417.79,334.25,391.1875,448.125,505.0625,562,618.9375,675.875,732.8125,789.75,813.86,837.97,862.08,886.19,910.3,963.8222222,1017.344444,1070.866667,1124.388889,1177.911111,1231.433333,1284.955556,1338.477778,1392,1429,1446,1492,1508,1575,1594.97,1632.69,1632.69,1632.69
623021,160.98,160.98,160.98,160.98,160.98,126.32,91.66,155,326.5075,498.015,669.5225,841.03,1012.5375,1184.045,1355.5525,1527.06,1542,665,864,860,845,896.7777778,948.5555556,1000.333333,1052.111111,1103.888889,1155.666667,1207.444444,1259.222222,1311,1360,1409,1433,1484,1480,1483,1497.88,1497.88,1497.88
623022,30.93,30.93,30.93,30.93,30.93,57.55,84.17,69,108.41625,147.8325,187.24875,226.665,266.08125,305.4975,344.91375,384.33,462.67,406.01,420,452.15,527.02,535.4622222,543.9044444,552.3466667,560.7888889,569.2311111,577.6733333,586.1155556,594.5577778,603,603,648,656,664,664,683,696.73,696.73,696.73
623025,23,23,23,23,23,24,25,25,31.1125,37.225,43.3375,49.45,55.5625,61.675,67.7875,73.9,85.7,105.25,131.6,136.5,181.5,197.1111111,212.7222222,228.3333333,243.9444444,259.5555556,275.1666667,290.7777778,306.3888889,322,343,369,376,395,409,411,437.26,437.26,437.26
623027,166.11,166.11,166.11,166.11,166.11,172.8,179.49,152,163.6075,175.215,186.8225,198.43,210.0375,221.645,233.2525,244.86,302.2,316.32,186.3,241.53,305.42,331.3733333,357.3266667,383.28,409.2333333,435.1866667,461.14,487.0933333,513.0466667,539,568,682,760,773,783,805,810.08,810.08,810.08
370911,,,,,,,,,,,,,,,,,,,,,16165.66,17547.62,20433.114,25576.62,24665.8,28274.6,28386.9,30442.78,,,,,,,,,,,
371624,,,,,,,,,,,,,,,,,,,,,,,,,,,,,,,,,,,,,,,
370125,3590,3590,3590,3590,3590,3590,3590,3590,3590,3590,3590,3590,3590,3590,3590,3464,3537,4000,4500,5400,5600,5700,5700,5900,6300,6700,7450,8200,8700,10300,10200,10200,10600,10800,11200,11300,11300,11800,12200
370124,10559,10559,10559,10559,10559,10559,10559,10559,10559,10559,10559,10559,10559,10559,10559,8663,6655,7000,6300,6700,6900,7200,7800,8800,9900,10800,12750,14700,15300,16300,17200,18000,19300,20700,22200,22400,22400,22500,23000
370323,5300,5300,5300,5300,5300,5300,5300,5300,5300,5300,5300,5567.74,6265,6362,7676.5,8991,9645,8064,7973,7690,8886,9739.45,10835,11236,13254,14793.5,16333,19132,19132,19132,19132,19132,19132,19132,19132,19132,19132,19132,19132
370921,7714,7714,7714,7714,7714,7714,7714,7714,7714,7714,8600,9100,9600,10100,12744,11812,12927,12650,12358,12208,7184.31,6611.23,7895.75,7355.28,7707.5,9068.09,9151.36,9917.38,9917.38,9917.38,9917.38,9917.38,9917.38,9917.38,9917.38,9917.38,9917.38,9917.38,9917.38
370832,2400,2400,2400,2400,2400,2400,2400,2400,2400,2400,2400,2366.5,2333,2459,2585,2901,3217,3494.52,3515.87,3572.136667,3628.403333,3684.67,4042,4213.39,5012,6311,6382,7377,7370,12512,7683,8559,9114,10348,10820,11123.15,11822.24,12490.38,13202.94
371621,,,,,,,,,,,,,,,,,,,,,,,,,,,,,,,,,,,,,,,
370522,2509,2509,2509,2509,2509,2509,2509,2509,2509,2509,2509,2402,2295,2603,2998,2589,2992,3689,3469.88,3874,4058,4598,4697,4853.1,5244,6257,7456,8790,8790,8790,8790,8790,8790,8790,8790,8790,8790,8790,8790
370322,3600,3600,3600,3600,3600,3600,3600,3600,3600,3600,3600,1877,1814,2210,2346,2482,2785,3023,2782,3192,3091,3594,3800,3954,4328,4841.5,5355,6283.16,6283.16,6283.16,6283.16,6283.16,6283.16,6283.16,6283.16,6283.16,6283.16,6283.16,6283.16
370116,,,,,,,,,,,17400,,,,,,,,,,,,,,,,,,,,,,,,,,,,
370923,5561,5561,5561,5561,5561,5561,5561,5561,5561,5561,5300,5665.333333,6030.666667,6396,6917,7379,7324,7815,8333.69,7716.25,7930.84,8441.91,8505.91,9287.98,8422.77,13580.33,17707.14,18212.81,18212.81,18212.81,18212.81,18212.81,18212.81,18212.81,18212.81,18212.81,18212.81,18212.81,18212.81
370521,1211,1211,1211,1211,1211,1211,1211,1211,1211,1211,1211,1262.55,1314.1,1524,1237,1355,1454,1516,1603.8,2107.1,1908.8,2385.4,2503.5,2709.8,3108,3273,3435,3426,3426,3426,3426,3426,3426,3426,3426,3426,3426,3426,3426
371725,,,,,,,,,,,,,,,,,,,,,,,,,,,,,,,,,,,,,,,
370830,5300,5300,5300,5300,5300,5300,5300,5300,5300,5300,5300,5496,5692,6185.5,6679,6221,5763,7100,7120,7063.333333,7006.666667,6950,7010,6900,6800,7341,7400,7410,11330,14611,16928,18754,20509,20180,22374,22695.01,23840.37,23870.9,24994.01
370983,6825,6825,6825,6825,6825,6825,6825,6825,6825,6825,13100,13320.66667,13541.33333,13762,10139,10744,12289,14705,18752.95,13811,14187.2,15129.5,18247.4,13526.45,18090.4,20058.2,21208.64,20371,20371,20371,20371,20371,20371,20371,20371,20371,20371,20371,20371
370113,10372,10372,10372,10372,10372,10372,10372,10372,10372,10372,10372,10372,10372,10372,10372,10188,10785,11000,10000,10500,11700,11900,12200,14700,15200,17600,18750,19900,21000,22800,24500,24100,24900,25100,26000,26500,26500,27300,28600
371521,,,,,,,,,,,,,,,,,,,,,,,,,,,,,,,,,,,,,,,
371425,,,,,,,,,,,,,,,,,,,,,,,,,,,,,,,,,,,,,,,
370982,11380,11380,11380,11380,11380,11380,11380,11380,11380,11380,12200,13038.33333,13876.66667,14715,33279,11106,9023,12501,11868.37,13596.49,23511.87,22954.22,21679.35,17274.09,15720.4,15849.62,14815.45,14342,14342,14342,14342,14342,14342,14342,14342,14342,14342,14342,14342
371602,,,,,,,,,,,,,,,,,,,,,,,,,,,,,,,,,,,,,,,
371728,,,,,,,,,,,,,,,,,,,,,,,,,,,,,,,,,,,,,,,
371726,,,,,,,,,,,,,,,,,,,,,,,,,,,,,,,,,,,,,,,
410184,5220,5220,5220,5220,5220,5220,5220,5220,5220,5220,4513,4145,4734,5665,5906,5906,7807,10967,11730,11970,14169,14247,15846,18050,25591,28082,31480,38603,39800,41554,41443,43608.826,44522,45077.13,43020.19,43094.2638,42549.54,42549.54,42549.54
410926,2016,2016,2016,2016,2016,2016,2016,2016,2016,2016,864,902,1027,1150,1198,1429,1443,1972,1793,1809,1820,1939,1988,2056,2170,2856,4702,5041,5907,5435,6902,9450.9075,13398,16263.34,17801.31,17298.0414,17734.96,17734.96,17734.96
410728,2322,2322,2322,2322,2322,2322,2322,2322,2322,2322,3416,3747,4258,4145,4315,4083,4343,4849,5641,6137,6771,8225,8903,8803,9935,11975,20715,29607,33880,34219,39170,43245.5319,47289,54400.47,56050.4,59003.4647,55992,55992,55992
410202,,,,,,,,,,,,,,,,,,,,,,,,,,,,,,,,,,,,,,,
410725,2579,2579,2579,2579,2579,2579,2579,2579,2579,2579,2730,2760,3525,3261,4079,4288,4490,6966,4244,4685,4899,5065,5326,5079,5502,5643,8729,35684,37288,49144,52466,52580,53710,55589,56089.3,56425.8368,50168.97,50168.97,50168.97
410122,4183,4183,4183,4183,4183,4183,4183,4183,4183,4183,4084,5230,5529,4705,4228,5858,6944,8797,4652,4964,6359,6469,6970,7212,8278,9655,11955,21864,23465,23942,25863,26708.6856,27791,17209.7,15243.92,17230.2366,18216.02,18216.02,18216.02
410727,4716,4716,4716,4716,4716,4716,4716,4716,4716,4716,5187,5290,5554,4462,3707,4540,4453,3709,4423,5422,6812,4731,4981,5312,5821,6993,7431,8301,9048,10116,10782,12015,12212,12413.67,12418.56,12417.644,12322.97,12322.97,12322.97
410526,6990,6990,6990,6990,6990,6990,6990,6990,6990,6990,8058,10051,14300,10094,10776,11689,12631,13428,12498,13631,14055,14570,15236,16880,19760,20275,23621,34610,37419,35419,36811,36862.6122,39259,43194.42,46236.87,47939.4768,48093.22,48093.22,48093.22
410726,2400,2400,2400,2400,2400,2400,2400,2400,2400,2400,4066,3894,4276,3951,3778,4220,4668,5615,5447,5307,4906,4922,5823,5523,5987,7117,7198,8024,9227,10713,10311,11373.46,12283,13388.84,14593.83,15323.524,15783.23,15783.23,15783.23
410928,2279,2279,2279,2279,2279,2279,2279,2279,2279,2279,2385,3065,4137,4888,5475,4961,6546,6880,6219,7958,4646,4912,5048,5255,5968,6068,5275,5999,6550,6561,6512,6512,5998,6126.3,5867.27,7824.6528,8782.04,8782.04,8782.04
410927,836,836,836,836,836,836,836,836,836,836,1437,1504,1633,1427,1451,1792,2345,2681,3111,4073,3286,3221,4083,4839,4990,5372,6148,6358,6741,6847,9120,10052,11057,1058.76,12248,11733.0769,7744.44,7744.44,7744.44
410225,3051,3051,3051,3051,3051,3051,3051,3051,3051,3051,3511,3545,4045,4215,7076,5452,5687,5432,5658,6007,6145,6215,7550,8942,9958,14119,14609,14609,18869,20945,22165,22403,22645,23712,24068.07,24699.7174,25990.32,25990.32,25990.32
610827,79,53,141,118,72,123,194,169,235,298,403,429.5,456,482.5,509,535.5,562,649,565,763,841,904,942,965.1666667,988.3333333,1011.5,1034.666667,1057.833333,1081,1397,1575.5,1754,1771,1792,1939,1939,1943,5135,5136
632521,326.9,326.9,326.9,326.9,326.9,326.9,326.9,326.9,299.84,312.78,589.32,625,679,684.01,609,680,664.2,787,678,638,849,970,732,705.38,633,707,798,806,1003,1284,519.8,519.8,519.8,519.8,519.8,519.8,519.8,519.8,519.8
632222,5.5,5.5,5.5,5.5,5.5,5.5,5.5,5.5,21,12,44,46,18,18.5,55,90,92,92,96,96,96,102,112,188,176,175,178,174,224,301,158.89,158.89,158.89,158.89,158.89,158.89,158.89,158.89,158.89
632224,43.2,43.2,43.2,43.2,43.2,43.2,43.2,43.2,52.03,65.24,67.19,85,80,121.58,124.74,132.6,133.9,142,136,142,105,103,128,93,100,116,122,124,213,288,173.64,173.64,173.64,173.64,173.64,173.64,173.64,173.64,173.64
620623,231.36,231.36,231.36,231.36,231.36,195.935,160.51,194.34,248.7075,303.075,357.4425,411.81,466.1775,520.545,574.9125,629.28,632.07,602.09,670.03,695.01,723.79,750.48,777.17,803.86,830.55,857.24,883.93,910.62,937.31,964,976.15,1074,1085,1189,1144,1262.77,1322.71,1322.71,1322.71
640502,,,,,,,,,,9885.1,13017,14833.2,15800.7,13609.2,,,,,,,,,,,,,,,,,,,,,,,,,
150925,1351,1351,1351,1351,1351,1351,1351,1351,1351,1351,1351,1351,1351,1351,1596.3,1095.02,1066.56,1323,1340,1260.6,1254.74,1388,1161.9,1383,2651,2651,2370,1651,1932,1746,2039,2311,2267,2989,3110,3715,3749,3749,3749
150921,697,697,697,697,697,697,697,697,697,697,697,697,697,697,716,719,889,794,797,833,797.1,662.6,1440.3,1456,1462,743,715,725,795,820,816,822,806,815,823,824,834,834,834
140603,588,588,588,588,588,588,588,588,588,588,588,588,588,588,588,588,588,588,588,588,588,588,588,538,646,686,670,611,654,601,617,642,642,613,724,769,772,772,772
140925,115.8,157,170,158,393,370,418,479,317,334,421,519,475,410,465,535,561,607,610,585,485,411,572,414,521,1788,1821,634,586,3057.1,359,395,439,1673,1626,1706.1,1715,1715,1715
140122,544.2,544.2,544.2,544.2,544.2,544.2,1650.6,2757,2668.666667,2580.333333,2492,2403.666667,2315.333333,2227,2138.666667,2050.333333,1962,1873.666667,1785.333333,1697,1721.666667,1746.333333,1771,2251,2445,2639,2688,3085,3216,3224,3484,3842,4026,3904,3910,3990,4010,4010,4010
140428,820,699,793,777,817,691,840,935,943,1072,1301,1588,1640,4568,1920,1941,2503,2512,2667,2789,2804,2831,3325,3336,3768,4356,4927,5313,5511,5988.5,6227,7134,7486,7773,7893,8095,8438,8438,8438
632524,719.2,719.2,719.2,719.2,719.2,719.2,719.2,719.2,0.51,0.6,8.7,83,75,87,91.6,108.5,111,122,122,114,116,125,130,150,150,153,158,252,575,1403,194.3,194.3,194.3,194.3,194.3,194.3,194.3,194.3,194.3
632223,50.3,50.3,50.3,50.3,50.3,50.3,50.3,50.3,65.19,68.3,118.79,95,95,103,101.04,103,94.5,94,87,84,84,84,113,148,175,186,189,189,200,1620,42.35,42.35,42.35,42.35,42.35,42.35,42.35,42.35,42.35
630123,711.1,711.1,711.1,711.1,711.1,711.1,711.1,711.1,721,725,776,781,782,782,796,650,600,525,530,520,525,530,531,518,519,517,515,676,710,800,797.5,725,730,730,730,730,730,730,730
632621,0.9,0.9,0.9,0.9,0.9,0.9,0.9,0.9,21,15,15,19,13,13.1,13.1,12.8,7.8,9,9,17,2,60,2,60.45,51,51,53,113,139,120,128.2,128.2,128.2,128.2,128.2,128.2,128.2,128.2,128.2
632626,,,,,,,,,,,,,,,,,,,,,,,,,,,,,,,,,,,,,,,
632726,,,,,,,,,,,,,,,,,,,,,,,,,,,,,,66,56,,,,,,,,
610124,1241,5112,3354,2856,3014,3298,3997,5366,4557,3282,3041.666667,2801.333333,2561,2561,2561,2561,2561,2561,2561,2561,2561,2561,2561,2561,2561,2561,2561,2561,2561,2561,2561,2561,2561,2561,2561,2561,2561,2561,2561
610331,,,,,,,,,,,,,,,,,,,,,,,1017.7,,,,,,157.7,196.3,,,373,393,,899,,,
410324,2887,2887,2887,2887,2887,2887,2887,2887,2887,2887,2320,1892,1667,1211,1540,1969,3193,3637,2478,2548,2562,2618,2422,2569,3074,3929,4220,5548,5843,17529,17686,24229.82,26401,29021.82,29829.38,30895.8707,29808.41,29808.41,29808.41
411224,952,952,952,952,952,952,952,952,952,952,984,924,905,971,1221,1300,1402,1331,1435,1434,1479,1558,1812,1915,2200,2202,2350,2450,2488,2618,2622,2701.107,2777,2781.01,2841.16,2904.125,3010.67,3010.67,3010.67
620502,1165.61,1165.61,1165.61,1165.61,1165.61,1165.61,1036.36,1392.17,1244.585,1097,1002.17,1179.29,1495.52,1926.51,2357.5,2098,2171.06,2004,2210.15,3393.72,3567,3699.75,3310.12,3425.47,2665.57,2622.14,2914.81,3032.82,3237.09,3459.86,3794.65,4060,4250,5308,5367,5525.79,5875.31,5875.31,5875.31
513232,175,175,175,175,175,175,175,175,175,175,175,175,175,175,250,237,237,105,95,96,109,136,173,149,149,151,175,185,196,251,311.66,352,396,577,611,653,878,878,878
623026,28,28,28,28,28,31,34,39,50.3875,61.775,73.1625,84.55,95.9375,107.325,118.7125,130.1,153.54,178.6,165.81,171.7,157.81,164.2755556,170.7411111,177.2066667,183.6722222,190.1377778,196.6033333,203.0688889,209.5344444,216,222,173,189,215,229,236,235.91,235.91,235.91
632625,,,,,,,,,,,,,,,,,,,,,,,,,,,,,,,,,,,,,,,
410183,21446,21446,21446,21446,21446,21446,21446,21446,21446,21446,19540,19967,23343,26931,36882,45208,50626,59031,59730,55734,55155,54337,55016,54497,56581,62804,65382,68566,66532,71973,73214,37317.794,40955,42686.26,45352.69,42700.7877,44158.59,44158.59,44158.59
410185,7824,7824,7824,7824,7824,7824,7824,7824,7824,7824,6428,7424,6803,9212,8804,10446,13168,9290,9547,12094,20951,44430,30616,30387,32498,34994,35708,51534,52266,40535,40922,43636,44320,45702.76,45750.86,45750.9669,45750.99,45750.99,45750.99
152921,2879,2879,2879,2879,2879,2879,2879,2879,2879,2879,2879,2879,2879,2879,2915,2970,3061,3171,3378,4277,4016,4121,4749,6660,5349,6921,7406,8166,9245,12065,13879,14574,14687,16402,16183,17931,18058,18058,18058
140524,577,577,577,577,577,577,597,617,721.1333333,825.2666667,929.4,1033.533333,1137.666667,1241.8,1345.933333,1450.066667,1554.2,1658.333333,1762.466667,1866.6,1970.733333,2074.866667,2179,2367,2775,3165,3272,3143,3246,3214,3346,3576,4064,4373,5697,5650,5891,5891,5891
410802,,,,,,,,,,,,,,,,,,,,,,,,,,,,,,,,,,,,,,,
513332,,,,,,,,,,,,,,,,,,,,,,,,,,,,,,,,,,,,,,,
410724,,,,,,,,,,,,,,,,,,,,,,,,,,,,,,,,,,,,,,,
370102,,,,,,,,,,,,,,,,,,,,,,,,,,,,,,,,,,,,,,,
370827,,,,,,,,,,,,,,,,,,,,,,,,,,,,,,,,,,,,,,,
370826,,,,,,,,,,,,,,,,,,,,,,,,,,,,,,,,,,,,,,,
370303,,,,,,,,,,,,,,,,,,,,,,,,,,,,,,,,,,,,,,,
370883,,,,,,,,,,,,,,,,,,,,,,,,,,,,,,,,,,,,,,,
370302,,,,,,,,,,,,,,,,,,,,,,,,,,,,,,,,,,,,,,,
370306,,,,,,,,,,,,,,,,,,,,,,,,,,,,,,,,,,,,,,,
411481,,,,,,,,,,,,,,,,,,,,,,,,,,,,,,,,,,,,,,,
411426,,,,,,,,,,,,,,,,,,,,,,,,,,,,,,,,,,,,,,,
410622,,,,,,,,,,,,,,,,,,,,,,,,,,,,,,,,,,,,,,,
410602,,,,,,,,,,,,,,,,,,,,,,,,,,,,,,,,,,,,,,,
411403,,,,,,,,,,,,,,,,,,,,,,,,,,,,,,,,,,,,,,,
411424,,,,,,,,,,,,,,,,,,,,,,,,,,,,,,,,,,,,,,,
411423,,,,,,,,,,,,,,,,,,,,,,,,,,,,,,,,,,,,,,,
370304,,,,,,,,,,,,,,,,,,,,,,,,,,,,,,,,,,,,,,,
371402,,,,,,,,,,,,,,,,,,,,,,,,,,,,,,,,,,,,,,,
371481,,,,,,,,,,,,,,,,,,,,,,,,,,,,,,,,,,,,,,,
371423,,,,,,,,,,,,,,,,,,,,,,,,,,,,,,,,,,,,,,,
370831,,,,,,,,,,,,,,,,,,,,,,,,,,,,,,,,,,,,,,,
370523,,,,,,,,,,,,,,,,,,,,,,,,,,,,,,,,,,,,,,,
371727,,,,,,,,,,,,,,,,,,,,,,,,,,,,,,,,,,,,,,,
371424,,,,,,,,,,,,,,,,,,,,,,,,,,,,,,,,,,,,,,,
370105,,,,,,,,,,,,,,,,,,,,,,,,,,,,,,,,,,,,,,,
371426,,,,,,,,,,,,,,,,,,,,,,,,,,,,,,,,,,,,,,,
370126,,,,,,,,,,,,,,,,,,,,,,,,,,,,,,,,,,,,,,,
371502,,,,,,,,,,,,,,,,,,,,,,,,,,,,,,,,,,,,,,,
371522,,,,,,,,,,,,,,,,,,,,,,,,,,,,,,,,,,,,,,,
370181,,,,,,,,,,,,,,,,,,,,,,,,,,,,,,,,,,,,,,,
370321,,,,,,,,,,,,,,,,,,,,,,,,,,,,,,,,,,,,,,,
371625,,,,,,,,,,,,,,,,,,,,,,,,,,,,,,,,,,,,,,,
371524,,,,,,,,,,,,,,,,,,,,,,,,,,,,,,,,,,,,,,,
371525,,,,,,,,,,,,,,,,,,,,,,,,,,,,,,,,,,,,,,,
370503,628,628,628,628,628,628,628,628,628,628,628,654.035,680.07,1004,653,748,789,815.9,836.8,977.8,922.15,962.2,1013,1051,1319,1172,1226,978,978,978,978,978,978,978,978,978,978,978,978
370104,,,,,,,,,,,,,,,,,,,,,,,,,,,,,,,,,,,,,,,
371702,,,,,,,,,,,,,,,,,,,,,,,,,,,,,,,,,,,,,,,
370502,,,,,,,,,,,,,,,,,,,,,,,,,,,,,,,,,,,,,,,
370882,,,,,,,,,,,,,,,,,,,,,,,,,,,,,,,,,,,,,,,
371422,,,,,,,,,,,,,,,,,,,,,,,,,,,,,,,,,,,,,,,
371623,,,,,,,,,,,,,,,,,,,,,,,,,,,,,,,,,,,,,,,
371482,,,,,,,,,,,,,,,,,,,,,,,,,,,,,,,,,,,,,,,
370305,,,,,,,,,,,,,,,,,,,,,,,,,,,,,,,,,,,,,,,
371723,,,,,,,,,,,,,,,,,,,,,,,,,,,,,,,,,,,,,,,
371427,,,,,,,,,,,,,,,,,,,,,,,,,,,,,,,,,,,,,,,
370811,,,,,,,,,,,,,,,,,,,,,,,,,,,,,,,,,,,,,,,
371722,,,,,,,,,,,,,,,,,,,,,,,,,,,,,,,,,,,,,,,
370112,,,,,,,,,,,,,,,,,,,,,,,,,,,,,,,,,,,,,,,
371622,,,,,,,,,,,,,,,,,,,,,,,,,,,,,,,,,,,,,,,
371421,,,,,,,,,,,,,,,,,,,,,,,,,,,,,,,,,,,,,,,
370829,,,,,,,,,,,,,,,,,,,,,,,,,,,,,,,,,,,,,,,
371581,,,,,,,,,,,,,,,,,,,,,,,,,,,,,,,,,,,,,,,
370103,59228,59228,59228,59228,59228,59228,59228,59228,59228,59228,59228,59228,59228,59228,59228,50073,52897,58000,53700,57700,57700,58600,52900,68600,72900,86400,96700,107000,101400,104300,98300,92000,86400,86900,86800,82500,79300,79000,66200
371523,,,,,,,,,,,,,,,,,,,,,,,,,,,,,,,,,,,,,,,
370828,,,,,,,,,,,,,,,,,,,,,,,,,,,,,,,,,,,,,,,
370881,,,,,,,,,,,,,,,,,,,,,,,,,,,,,,,,,,,,,,,
371428,,,,,,,,,,,,,,,,,,,,,,,,,,,,,,,,,,,,,,,
371626,,,,,,,,,,,,,,,,,,,,,,,,,,,,,,,,,,,,,,,
371724,,,,,,,,,,,,,,,,,,,,,,,,,,,,,,,,,,,,,,,
371721,,,,,,,,,,,,,,,,,,,,,,,,,,,,,,,,,,,,,,,
371526,,,,,,,,,,,,,,,,,,,,,,,,,,,,,,,,,,,,,,,
410721,,,,,,,,,,,,,,,,,,,,,,,,,,,,,,,,,,,,,,,
411425,,,,,,,,,,,,,,,,,,,,,,,,,,,,,,,,,,,,,,,
410702,,,,,,,,,,,,,,,,,,,,,,,,,,,,,,,,,,,,,,,
411402,,,,,,,,,,,,,,,,,,,,,,,,,,,,,,,,,,,,,,,
410223,,,,,,,,,,,,,,,,,,,,,,,,,,,,,,,,,,,,,,,
410922,,,,,,,,,,,,,,,,,,,,,,,,,,,,,,,,,,,,,,,
410902,,,,,,,,,,,,,,,,,,,,,,,,,,,,,,,,,,,,,,,
410523,,,,,,,,,,,,,,,,,,,,,,,,,,,,,,,,,,,,,,,
410221,,,,,,,,,,,,,,,,,,,,,,,,,,,,,,,,,,,,,,,
410527,,,,,,,,,,,,,,,,,,,,,,,,,,,,,,,,,,,,,,,
410621,,,,,,,,,,,,,,,,,,,,,,,,,,,,,,,,,,,,,,,
411422,,,,,,,,,,,,,,,,,,,,,,,,,,,,,,,,,,,,,,,
411421,,,,,,,,,,,,,,,,,,,,,,,,,,,,,,,,,,,,,,,
410923,,,,,,,,,,,,,,,,,,,,,,,,,,,,,,,,,,,,,,,
410781,,,,,,,,,,,,,,,,,,,,,,,,,,,,,,,,,,,,,,,
410782,,,,,,,,,,,,,,,,,,,,,,,,,,,,,,,,,,,,,,,
410222,,,,,,,,,,,,,,,,,,,,,,,,,,,,,,,,,,,,,,,
410581,,,,,,,,,,,,,,,,,,,,,,,,,,,,,,,,,,,,,,,
410522,,,,,,,,,,,,,,,,,,,,,,,,,,,,,,,,,,,,,,,
