GA_ID,1980,1981,1982,1983,1984,1985,1986,1987,1988,1989,1990,1991,1992,1993,1994,1995,1996,1997,1998,1999,2000,2001,2002,2003,2004,2005,2006,2007,2008,2009,2010,2011,2012,2013,2014,2015,2016
419001,117,122,113,218,328,389,428,470,496,538,601,647,703,852,1237,1532,1928,2170,2221,,2425,2536,2694,2878,2321,3889.24,4510,5346,6176,6763,7784,9341,10648,11958,13166,,
513233,,,,,,,,,,,,,,,,,,,,,,,,,,,,,,,,,,,,,
513231,,,,,,,,,,,,,,,,,,,,,,,,,,,,,,,,,,,,,
632123,71,44,129,148,202,292,328,345,360,373,,,,,666.27,848.5,961.4,1162,1286,,1089,1248,1401.1,1562,1340,2009,2315,2730,3248,3872,4582,4822,5609,6515,7399,,
632321,,,,,,,,,,,,,,,,562.1,641.7,,,,,1577,1673.38,1783,,2066,2325,2524,2726,3035,3495,3894,4537,5244,5938,,
632523,,,,,,,,,,,,,,,,688.5,743.1,,,,,1578,1708.86,1896,,2233,2417,2646,2942,3540,4071,4801,5716,6640,7523,,
632324,,,,,,,,,,,,,,,,705.4,900.1,,,,,1365,1460.81,1560,,1770,1873,1993,2117,2013,2425,2718,3352,3850,4360,,
630104,,,,,,,,,,,,,,,,,,,,,11263.07,12882,14701.2,16654,9863.13,20711,23291,25904,27055,30220,33416,38204,43698,50058,56547,,
632623,,,,,,,,,,,,,,,,627.1,646.4,,,,,1130,1212.85,1308,,1485,1582,1689,1795,1171,2028,2282,2802,3308,3758,,
632122,54,39,125,176.92,201.82,230.24,272.23,301.33,333.23,330.75,,,,,508.14,613.5,755.8,1168,1283,,1014,1148,1291.95,1467,1262,1956,2258,2653,3121,3701,4459,4327,5032,5839,6593,,
632121,85,88,96,,,228.5,266.2,286,298,319.6,,,,,527.08,559.7,681.1,1051,1195,,1312,1435,1591.04,1748,1227,2216,2504,2885,3386,3994,4696,4877,5668,6549,7379,,
632221,,,,,,,,,,,,,,,,930.6,1203,,,,,1280,1392.77,1485,,1841,2007,2380,3582,3592,4313,5646,6697,7773,8754,,
632126,,65,97,,254,289,298,346.1,388,411,,,,,604.53,708.6,729.1,1125,1255,,1302,1434,1576.03,1727,1310,2159,2462,2883,3374,4010,4864,5032,5853,6734,7547,,
632322,,,,,,,,,,,,,,,,457,550,,,,,1177,1252.15,1352,,1611,1766,1940,2125,2361,2717,3402,4055,4567,5184,,
632323,,,,,,,,,,,,,,,,599.9,633.5,,,,,1016,1093.16,1169,,1370,1537,1670,1811,2013,2317,2924,3523,4160,4742,,
630122,51,56,118,117,273,314,340,360,387,397,411,414,451,498,605,715,803,1141,1278,,1345,1457,1582.07,1742,1054,2148,2451,2854,3317,4004,4781,5894,6974,8064,9096,,
632723,,,,,,,,,,,,,,,,536.4,544.1,,,,,1182,1188.43,1270,,1546,1657,1782,1889,2033,3893,2532,3369,3942,4487,,
632624,,,,,,,,,,,,,,,,633.4,669.7,,,,,1005,1084.69,1167,,1359,1448,1547,1624,3526,1861,2085,2527,3034,3448,,
632128,83,53,100,150,138,183,223,256,306,310,,,,,469.12,478.4,531.4,1033,1200,,1236,1311,1389.49,1561,1315,2015,2320,2730,3251,3874,4651,4013,4664,5404,6094,,
632522,,,,,,,,,,,,,,,,951.5,974.8,,,,,1803,1969.78,2127,,2517,2699,3079,3397,4009,4744,5189,5489,6494,7362,,
630121,,,,,,,,,,,,,,,,771.4,982.4,,,,,1676,1821.1,2014,,2514,2843,3310,3863,4644,5547,6845,8109,9362,10570,,
632525,,,,,,,,,,,,,,,,862.2,879.1,,,,,1444,1658.14,1831,,2190,2370,2560,2825,3035,4110,4965,5912,6811,7711,,
632127,62,48,72,104,239,267,277,306.4,338,344,,,,,558.05,655.1,760.6,1049,1220,,903,1009,1181.2,1288,1221,1798,2104,2510,2998,3609,4229,4376,5086,5854,6600,,
640423,,,148,199,177,187,206,252,165,303.41,332.23,396.05,366.55,445.86,622.48,631.05,878.13,867.12,1033.23,,1081.73,1129.26,1230.1,1300.36,1036.12,1696.4,1905.55,2175.001271,2603.54459,2959,3478,4076,4672,5350,6199,,
640121,,,,508,564,467,552,573,698,813,941.45,960.05,895.68,945.62,1230.45,1648,2216,2517,2683,,2543,2712,2831,2975,2497,3374,3678,4193,4747,5127,5896,6783,7764,8706,10130,,
640181,,,395,344,369,433,476,509,600,689,769,790.33,795.38,888.85,1244.84,1513.21,1866.69,2330.5,2493.5,,2704.95,2837.37,2863,3009,2540.56,3597,3892,4426,5184,5733,6581,7566,8618,9652,10756,,
640302,226.02,,,,,,,,,592,677.54,757.19,794.22,876.93,1105.46,1384.08,1876.81,2323.02,2626.89,,2853.46,3039.8,3150.05,,2674.74,,,,,,,11800,13420,15166,16624,,
640522,,,85,178,208,201,243,147,272,313,301.22,391.2,324.32,388.14,529.56,470.08,849.11,717.49,890.68,,877.2,914.96,1096.61,1153.6,987.11,1446.1,1584.23,1920.089936,2290.67605,2640,3111,3633,4225,4838,5765,,
640422,,,89,192,218,166,213,192,234,263.06,294.02,350.92,294.88,413.19,562.48,447.46,826.22,751.29,885.12,,901.61,1035.85,1140.84,1264.04,980,1740.21,1940.23,2215.427575,2590.381777,2944,3459,4035,4658,5303,6222,,
640104,,,,,,,,,,,,,,,,,,,,,,,,8542,,9838,10758,12026,13813,15002,17165,19787,22528,25532,29482,,
640521,,,293,352,375,370,428,472,513,506.94,589.78,669.55,713.43,819.92,1152.25,1469.88,1887.74,2168.66,2471.16,,2648.29,2710.5,2812.05,2961.09,2568.16,3306.86,3601.17,3997.302571,4387.183264,4619,5288,6070,6957,7732,8819,,
640324,,,83,182,202,221,315,270,420,375.13,387.69,510.5,532.32,566.79,755.14,812.05,1390.2,1215.59,1323.11,,1139.73,1226.94,1315.59,1374,1391.14,1709.67,1900.14,2213.662684,5444.581756,5831,3421,3963,4533,5172,6123,,
640202,,,,,,434,466,496,652,696,813,,,848.8,1140.54,1533.82,1821.24,2217.75,2577.69,,2718.98,2828.01,,,2630.02,3493,3857,4351,4883,5315,6060,5673,6476,7255,8896,,
640381,,,349,442,443,414,512,541,586,729.47,703.9,739.21,787.3,826.85,1187.6,1528.51,2129.33,2391.6,2550.23,,2811.54,3009.07,3101,3260.4,2702.51,4019.2,4401.03,4937.958792,3002.291006,3288,6549,7585,8656,9582,10435,,
640402,127.73,,,,,,,,,322.63,348.94,391.22,347.86,441.68,585.93,628.06,835.89,815.44,1030.56,,933.11,1058.98,1210.86,1335.58,1042.2,1727.33,1940.02,2241.096772,2666.975333,3005,3546,4189,4793,5464,6693,,
640122,200.96,,,408,421,408,514,586,651,874,928.54,983.89,941.71,996.78,1360.65,1629,2197,2440,2681,,2561,2664,2778,2939,2510,3533,3880,4346,4911,5480,6214,7200,8202,9147,10667,,
640205,,,318,346,381,405,444,495,625,677,729.01,767.55,871.5,888.86,1151.02,1492.83,1811.1,2210.71,2604.44,,2760.4,2904.75,2979.92,3103.59,2673.72,3686.53,3992.51,4523.511052,5007.190138,5563,6390,7323,8382,9393,10269,,
640424,,,108,106,129,215,158,143,169,193.89,214.06,260.33,236.7,305.11,465.29,457.12,615.25,699.03,773.83,,971.09,1024.99,1075.41,1147.49,945.63,1507.89,1737.5,2064.087162,2424.163331,2726,3168,4452,4315,4932,5805,,
640221,231.54,,282,373,364,460,488,499,661,707.1,791.85,785.7,832.15,789.68,1073.33,1483.86,1781.3,2140.36,2463.89,,2601.26,2740.81,2815.12,3002.63,2500.63,3640.37,3957.08,4455.671495,5004.99844,5431,6186,7138,8167,9172,10502,,
640323,123.91,,173,244,308,365,424,415,606,514.15,498.9,511.77,710.31,638.49,931.56,821.19,1238.71,1157.41,1343.55,,1135.61,1305.64,1428.86,1567.3,1338.22,2004.96,2238.27,2623.607757,2576.851762,2914,3669,4096,4793,5521,6975,,
640425,,,,,,156,176,191,247,287.91,324.1,349.09,351.11,408.13,602.26,656.6,843.71,870.05,1045.53,,895.98,1084.42,1233.26,1325.81,1041.41,1764.14,1977.99,2266.416649,2663.349551,3046,3556,4172,4798,5518,6530,,
150102,,,,,,,,,,,,,,,1167,1485,1689,1974,2271,,,,,3169.15,2386,4631.41,5308.4,,,,,5097,5817,,,,
150124,,,,,,,,,,,,,,,,,,,,,,,,,,,,,,,,5350,6099,,,,
150202,,,,,,,,,,,,,,,1141,1450,1762,1932,2251,2380,,,,3385,4093.9,4167.95,5306.93,6112.5,,,8766,6006,6834,,,,
150627,,,,,,,,,,,,,,,,,,,,,,,,,,,,,,,,10098,11452,,,,
150802,,,,,,,,,,,,,,,,,,,,,,,,,,,,,,,,9864,11148,,,,
150927,,,,,,,,,,,,,,,,,,,,,,,,,,,,,,,,3346,3863,,,,
150125,,,,,,,,,,,,,,,,,,,,,,,,,,,,,,,,5255,5950,,,,
150123,,,,,,,,,,,,,,,,,,,,,,,,,,,,,,,,8976,10149,,,,
150622,,,,,,,,,,,,,,,,,,,,,,,,,,,,,,,,10093,11452,,,,
150624,,,,,,,,,,,,,,,,,,,,,,,,,,,,,,,,9998,11365,,,,
150822,,,,,,,,,,,,,,,,,,,,,,,,,,,,,,,,9327,10536,,,,
150222,,,,,,,,,,,,,,,,,,,,,,,,,,,,,,,,7182,8137,,,,
150821,,,,,,,,,,,,,,,,,,,,,,,,,,,,,,,,9840,11112,,,,
150825,,,,,,,,,,,,,,,,,,,,,,,,,,,,,,,,7340,8578,,,,
150625,,,,,,,,,,,,,,,,,,,,,,,,,,,,,,,,9956,11334,,,,
150823,,,,,,,,,,,,,,,,,,,,,,,,,,,,,,,,8956,10121,,,,
150824,,,,,,,,,,,,,,,,,,,,,,,,,,,,,,,,8365,9487,,,,
150621,,,,,,,,,,,,,,,,,,,,,,,,,,,,,,,,10021,11394,,,,
150122,,,,,,,,,,,,,,,,,,,,,,,,,,,,,,,,10688,12104,,,,
150302,,,,,,,,,,,,,,,,,,1777,1991,,,,,3080.49,2150,4635.2,5640.21,,,,9245,32314,37240,,,,
150826,,,,,,,,,,,,,,,,,,,,,,,,,,,,,,,,9840,11114,,,,
150221,,,,,,,,,,,620,682,,,1087,1474,2011,2299,2300,2474,2574,2678,2866,3369,4148,4803,5379,6155,7102,7869,8815,10148,11477,,,,
150602,,,,,,,,,,,,,,,,,,,,,,,,,,,,,,,,,,,,,
150121,,,,,,,,,,,,,,,,,,,,,,,,,,,,,,,,10880,12331,,,,
150623,,,,,,,,,,,,,,,,,,,,,,,,,,,,,,,,10093,11468,,,,
150626,,,,,,,,,,,,,,,,,,,,,,,,,,,,,,,,10054,11446,,,,
410325,,,,,,,,,,,,,,,,,,,,,,,,,,,,,,,,5680,6475,7323,8041,,
411221,,,,,,,,,,,422.01,380,450.01,561.7,762.2,960,1315,1654.7,1898.1,,2073.3,2073.3,,2339.2,2015.5,3315,3845.4,4406,5200,5569,6404,7669,8751,9878,11079,,
410328,,,,,,,,,,,,323,340,458,,,1070,1297,1498,,1530,1553,1618.46,1709.66,1515,2250.48,2610.91,3145,3592.27,3908,4338,5196,5932,6644,7341,,
410102,,,,,,,,,,,,,,,,,,,,,,,,,,,,,,,,81454,91292,96232,105497,,
411281,,,,,,,,,,,676.68,749.81,817.09,936.5,1221,1451.3,1741.1,1989,2221.6,,2521.5,2521.5,,2833.2,2310.9,3724.6,4321.1,5055.1,5874,6285,7215,8731,9951,11298,12632,,
410883,,,,,,,,,,,,,,,,,,,,,,,,,,,,,,,,9269,10540,11852,13067,,
411222,,,,,,,,,,,549.83,531.58,568.5,738.1,838.2,1125.9,1407.8,1610,1879.8,,1883.2,1883.2,,2003.4,2010,2662,3115.2,3598,4191.7,4510,5155,6160,7060,8000,8938,,
410181,115,,,,,432,,,,,720,,,,,1704,,,2719,,3167.13,3424.26,3724.67,4143,2941,5458.02,5940,7087.97,7960.09,8481,9514,11392,12953,13951,15427,17985,
410322,,,,,,,,,,,,479,474,591,,,1276,1471,1674,,1816,1942,2048.4,2152.74,1807,2564.99,2990.08,3602,4074.09,4426,5166,6458,7407,8385,9349,,
410311,,,,,,,,,,,,,,,,,,,,,,1731,1818,1954,,2903,2652,3084,3474,3725,5680,6882,,8756,7194,,
410882,,,,,,,,,,,,,,,,,,,,,,,,,,,,,,,,9519,10825,12163,13374,,
410327,,,,,,,,,,,,339,385,584,,,1047,1296,1506,,1636,1716,1787.56,1902.01,1600,2435.86,2882.07,3450,3928.3,4170,4598,5348,6100,6869,7645,,
410329,,,,,,,,,,,,326,429,514,,,1408,1634,1839,,1954,2014,2112.83,2233.99,1927,2770.01,3260.01,3929,4482.21,5010,5790,6839,7797,8826,9868,,
411282,,,,,,,,,,,523.83,653.86,725,907.4,1150.7,1488.5,1852.6,1920.5,2141.4,,2291.5,2291.5,,2569.7,2228.9,3373.5,3986.4,4700.2,5452.2,5872,6735,8063,9150,10301,11526,,
411202,,,,,,,,,,,622.15,704.6,810.34,914.5,1051,1248.1,1485.4,1703.3,1974.6,,2303,2303,,2596,2118,3121.1,3881.1,4270,4942.5,5329,6112,7363,8435,9501,10604,,
410381,,,,,,,,,,,,621,694,873,,,1963,2291,2520,,2572,2716,2916.07,3205.96,2600,4336.86,5200.03,6030,6811.35,7355,8303,9826,11147,12596,13881,,
410825,,,,,,,,,,,,,,,,,,,,,,,,,,,,,,,,8920,10126,11374,12517,,
410182,87,,,,,361,,,,,676,,,,,1478,,,2459,,2742.29,2909,3068.55,3308,2562,4557.22,5460,6548.74,7455.07,7973,9050,10846,12326,13323,14748,,
410823,,,,,,,,,,,,,,,,,,,,,,,,,,,,,,,,8947,10155,11409,12567,,
410821,,,,,,,,,,,,,,,,,,,,,,,,,,,,,,,,8413,9562,10868,11954,,
410822,,,,,,,,,,,,,,,,,,,,,,,,,,,,,,,,8433,9574,10877,11966,,
410323,,,,,,,,,,,,391,357,550,,,1197,1404,1641,,1745,1900,2096.85,2326.34,1750,3001.25,3450.32,4125,4709.49,5106,6065,7575,8668,9743,10766,,
610431,70,72,107,116,202,274,303,357,419,441,472,,,,,,,1203,,1497,1603,1708,1793,1898,2058,2304,2576,2950,3798,4656,5592,7035,9335,,10521,,
610826,,,119,195,237,234.6,256.1,254.1,365.8,333.5,525.6,418.3,460.2,490.9,628.7,885.6,998.4,765,737,1103,1300,888,1285,1223,1566,1677,2013,2341,2941,3686,4564,5623,6630,7326,8227,,
610116,,,,235.66,257.44,347.13,397.48,433.02,463.44,552.36,,,621.11,719.42,871,1189,1491,1706.18,1943.86,2108.65,2315.11,2506,2667,2830,3098,3331,3592,4143,4926,5965,7389,9421,12695,,14206,,
610521,81,56,96,101,161,238,297,357,375,348,438.01,635.97,463.69,700.97,806.01,968.17,1102.59,1269,1370.43,1410,1350.02,1326,1366,1028,1178,1425,1645,2371,2948,3600,4288,5480,7487,,8438,,
610622,58,52,92,116,174,207,159,136,212,261,327,,,,,752,906,637,875,735,748,708,927,1032,1279,1503,1805,2012,2718,3278,4002,4970,5815,6530,7634,,
610202,,,,,,,,,,,,,,,,,,,,,,,,,,,,,,4540,5437,6878,8068,9189,10398,8499,
610324,87.6,98,101,227,255,302,381,419,476,533,552,,,,,945.23,1106,1208.23,1287.65,1409,1396.74,1399,1450,1576,1739,1949,2217,2750,3447,4285,5159,6438,8647,,9736,,
610122,,,,169.19,215.65,232,252.05,258.9,282.99,299.5,,,419.79,487.87,598,677,825,1052.62,1302.25,1501.06,1698.8,1805,1932,2020,2220,2430,2663,3121,3611,4315,5316,6704,8833,,9911,,
610623,45,37,40,82,103,136,140,123,166,142,267,,,,,738,853,655,1063,962,1219,1260,1340,1483,1703,1948,2249,2519,3368,4129,5050,6277,7357,8357,9335,,
610428,54,59,107,184,200,207,249,255,296,323,353,,,,,,,748,,895,1009,1050,1175,1258,1420,1550,1700,1922,2895,3583,4407,5645,7556,,8508,,
610429,37,52,79,137,177,224,213,207,261,303,359,,,,,,,885,,1180,1324,1366,1385,1470,1575,1737,1883,2200,2890,3580,4368,5617,7701,,8741,,
610628,60,58,98,178,239,271,289,335,353,309,455,,,,,1047,1183,1340,1500,1660,1704,1601,1681,1779,2103,2380,2690,3126,3859,4573,5497,6981,8084,9086,10313,,
610823,,,,,174,226.2,238.5,246.6,384.8,380.3,431.5,319.5,389.1,465.4,821.5,695.6,945.6,755.6,880,938,921,980.9,1185.5,1197,1388.5,1520,1839,2251,3381,4215,5264,6701,7860,8725,9364,,
610113,,,,,,,,,,,,,,,,,,,,,,,,,4306.28,4658,5020.05,,6584.6,7948,9863,12585,14800,16724,,,
610402,86,98,72,225,293,388,434,503,546,595,650,,,,,,,1726,,2153,2325,2422,2556,2714,2890,3135,3386,3738,4315,5195,6234,7948,10787,,12211,,
610403,,,,,,,,,,,,,,,,,,,,,,,,,,,,,,5744,7128,9110,10841,12435,14046,13792,
610430,31,40,79,134,163,189,219,237,282,312,348,,,,,,,514,,1195,1205,1250,1253,1323,1515,1704,1883,2192,2946,3645,4476,5622,7518,,8451,,
610821,,243,209,303,310,260.1,295.6,337.9,465.1,380.2,561.2,537.1,599.1,708.5,1107.4,1007.5,1353.9,1233.5,1398,1097,1458,1790,2025,2196,2565,2788,3295,5034,6029,7223,8672,10798,12537,13225,13622,,
610222,69,61,83,149,201,242,216,224,256,244,363,,,,,,,1150,1256,,1268,1218,1325,1426,1542,1683,1884,2333,2941,3541,4290,5466,7423,,8417,,
610632,68,80,90,123,208,299,333,344,358,411,464,,,,,1168,4522,1760,2003,2052,2047,2082,2224,2319,2552,2690,3024,3516,4285,5091,6130,7723,8974,10096,11267,,
610627,93,86,120,217,245,252,251,264,346,377,397,,,,,855,1233,117,1464,1575,1678,1786,1895,2018,2293,2604,2829,3136,3671,4331,5301,6594,7689,8642,9662,,
610326,133,172,179,177,203,297,351,403,470,528,570,,,,,977.41,1170,1260.85,1336.33,1365,1378,1389,1436,1577,1795,2052,2349,2892,3619,4535,5528,7021,9527,,10755,,
610822,,,,,,153.6,248.1,279,379.2,341.3,404.5,400.8,556.2,682.6,1028.4,904.1,1215,1101.2,1422,1010,1037,852,1158,1384,1501,1745,2126,2580,4703,5615,7786,9927,11783,13001,13409,,
610329,49,66,75,92,163,185,224,253,286,320,337,,,,,689.08,749,772.13,892.59,910,927.12,899,929,1111,1296,1499,1697,2010,2525,3697,4529,5684,7580,,8512,,
610630,63,43,71,102,149,181,186,229,260,253,351,,,,,896,894,680,984,1108,1004,1018,1106,1206,1487,1762,2071,2486,3406,4193,5104,6477,7565,8496,9626,,
610626,,,,,,,,,,,,,,,,,,,,,,1439,1535,1683,1891,2086,2363,2745,3619,4415,5298,6878,8005,9110,10358,,
610523,130,181,254,238,304,350,410,515,528,551,739.19,880.29,639.99,702.59,881.32,1080.56,1120.21,1203.64,1296.05,1464,1626,1666,1808,1851,2006,2156,2354,2713,3250,3851,4660,5969,8070,,9184,,
610802,,172,198,239,248,293.5,293.2,308.6,413.4,375,503.4,570.9,569.8,702.9,1109.7,1321.4,1453.1,1564.9,1677,1664,1575,1448,1845,1942,2257,2416,2921,3305,4185,5321,6605,8428,10001,11331,12656,,
610302,,,,,,,,,,,,,,,,,,,1858.35,2119.64,3328.38,,,,,,,,,5679,6928,8785,10208,11596,13606,11587,9568
610602,85,68,114,132,186,179,189,195,278,335,419,,,,,1137,1321,891,1313,1484,1487,1536,1640,1751,1963,2177,2381,2622,3458,4157,5051,6379,7483,8493,9529,,
610322,,177,205,215,272,274,312,356,393,451,493,,,,,961.25,1168,1227.82,1300.83,1375,1462,1477,1604,1806,2066,2352,2705,3609,4311,5160,6342,7896,10423,,11716,,
610631,79,66,91,204,198,255,212,299,339,350,426,,,,,1051,1254,1110,1411,1563,1346,1225,1275,1376,1707,2081,2269,2725,3200,3821,4570,5813,6766,7585,8503,,
610582,78,61,103,116,157,194,350,345,461,510,473.46,627.41,666.93,728.24,815.45,947.88,1113.64,1201.65,1275,1341,1344.78,1394,1478,1395,1575,1703,1891,2409,2968,3621,4287,5389,7325,,8241,,
610323,82,100,104,131,244,314.7,366,397,437,481,469,,,,,959,1165,1316.85,1441.8,1558,1602.79,1644,1707,1913,2158,2482,2847,3477,4202,5244,6267,7884,10435,,11791,,
610125,,,,264.25,332.25,323.17,420.6,432.29,479.52,543.69,,,743.03,812.04,1083,1371,1661,1877.01,1947.51,1968.54,2009.01,2093,2280,2458,2746,3018,3325,3833,4408,5307,6549,8265,10899,,12218,,
610327,111,176,186,209,211,241,,,,,573,,,,,802.82,906,957.9,1018.01,1074,1080.01,1100,1135,1378,1658,1863,2103,2480,3079,3799,4570,5717,7644,,8568,,
610424,45,51,79,159,195,258,316,343,365,400,437,,,,,,,1270,,1560,1620,1684,1768,1876,2046,2266,2509,3069,3788,4678,5665,7155,9495,,10700,,
610502,,,,,,,266,327,406,472,446.81,544.64,581.58,688.09,816.42,975.61,1125.41,1308.66,1482.96,1586,1609,1747,1833,1889,2015,2160,2322,2638,3150,3736,4565,5820,7870,,8940,,
610115,,,,254.53,374.06,315.58,358.8,402.69,458.65,529.43,,,720.08,805.34,1056,1290,1555,1838.95,2004.03,2226.04,2427.95,2610,2744,2662,2857,3172,3534,4020,4828,5794,7156,9109,12160,,13595,,
610527,37,52,83,104,150,,290,291,332,386,401.03,453,531.12,695.72,873.54,1038.5,1260,1054.99,1257,1360,1161.96,1037.3,1121.41,1181,1322,1448,1616,1957,2467,3210,4070,5250,7215,,8218,,
610427,36,48,73,111,160,164,199,201,236,270,288,,,,,,,983,,1116,1249,1300,1363,1457,1642,1837,2004,2292,3078,4103,5121,6601,9058,,10271,,
610423,105,78,131,177,230,304,360,383,432,481,502,,,,,,,1400,,1660,1780,1915,2013,2116,2266,2495,2750,3120,3840,4715,5691,7205,9561,,10794,,
610126,,,,201.74,296.44,370.61,422.51,483.85,499.76,514.53,,,673,751.03,934.93,1160.92,1434,1687.49,1858.24,2041.27,2219.49,2385,2460,2556,2840,3120,3436,3914,4708,5735,7106,9053,12167,,13615,,
610114,,,,,,,,,516.82,587.55,,,735.5,871.5,1123.32,1332.25,1569,1858.86,2057.88,2272.07,2470.52,2642,2843,3023,3422,3806,4251,4928,5939,7233,8969,11426,15212,,17007,,
610621,58,46,62,99,143,127,152,166,252,257,345,,,,,771,954,699,1041,781,956,948,1036,1146,1392,1666,1844,2199,2904,3473,4258,5378,6282,7124,8007,,
610624,54,57,87,102,121,133,144,139,188,240,321,,,,,814,1126,921,1504,1605,1706,1741,1818,1966,2196,2399,2868,3295,3904,4646,5562,6936,8046,9148,10374,,
610829,,,,,,235.6,230.1,217,248.3,345.8,435.4,344.3,397.6,476.5,751.7,792.3,927.6,775.4,739,538,680,604,874,976,1226,1386,1767,2077,2706,3515,4403,5582,6558,7352,8242,,
610522,66,53,95,112,142,213,324,433,463,481,508.64,601.42,748.33,858.56,1197.74,1303.96,1365.35,1398.51,1452.01,1518,1533.29,1541,1603,1574,1749,1853,1950,2341,2910,3524,4302,5382,7391,,8381,,
610825,,,,,268,292.3,336.4,266.2,400.7,376.5,416.6,364.2,420,521.5,684,866.1,1054.8,960.8,1030,1007,1131,1790,1430,1443,1586,1641,1621,2660,3411,4524,6233,8010,9492,10744,11829,,
610328,54,74,76,122,148,240,277,308,357,389,438,,,,,737.2,815.7,863.95,941.75,997.9,1015.58,1037.1,1137.6,1339.2,1598,1957,2191,2520,3167,3946,4766,5958,7938,,8955,,
610425,50,51,98,189,264,305,364,406,445,491,534,,,,,,,1490,,2013,2119,2123,2129,2142,2250,2560,2850,3238,3886,4687,5695,7181,9571,,10796,,
610422,78,65,108,178,252,275,323,369,432,485,521,,,,,,,1260,,1585,1683,1734,1789,1935,2133,2357,2607,3111,3832,4690,5670,7190,9607,,10846,,
610304,105,149,213,274,275,340,384,426,517,590,645,853.55,,,,1140.89,1214,1306.79,1392.98,1419,1479.79,1530,1598,1802,2213,2524,2910,3548,4100,4904,5880,7462,9850,,11081,,
610581,,,,,,245,275,345,459,561,605.23,641.41,716.56,802.5,912.29,1143.36,1352.08,1501.12,1631.15,1681,1708,1793,1910,1850,2046,2179,2496,3213,3972,4846,5854,7499,10179,,11400,,
610629,53,58,92,160,212,273,232,318,419,374,452,,,,,1150,1402,1611,1867,2005,2131,2271,2380,2493,2780,3080,3303,4020,4500,5301,6352,7978,9278,10410,11742,,
610524,37,52,69,99,131,188,243,331,385,416,460.52,402.2,463.02,559.27,782.01,908.65,1108.6,1273.93,1426.49,1448,1380.82,1287,1378,1426,1556,1580,1682,1858,2360,3007,3761,4867,6785,,7620,,
610426,28,53,72,180,197,199,206,219,261,304,339,,,,,,,762,,976,993,995,1010,1099,1262,1420,1700,1975,2900,3585,4352,5457,7317,,8232,,
610528,46,46,72,100,147,212,286,309,356,484,470.32,376.07,513.56,685.93,838.8,1007.76,1209,1357.11,1486.93,1579,1453.74,1508,1570,1636,1799,1922,1924,2366,2945,3581,4329,5524,7514,,8476,,
610828,,,,,,193.4,257.7,256.8,324.5,307.5,367.4,307.9,339.5,500.2,674,873.8,964.3,796.8,865,838,859,627,1027,898,1320,1393,1668,1962,2731,3435,4301,5458,6408,7254,8162,,
610526,,206,248,222,293,296,297,326,392,473,496.34,627.93,652.08,707.77,767.09,874.96,998,1168.22,1321.89,1400,1402,1384,1448,1516,1675,1810,1983,2355,2985,3585,4388,5555,7615,,8590,,
610625,73,78,67,161,191,155,178,123,287,320,358,,,,,817,1085,946,1508,1541,1398,1600,1698,1846,2073,2270,2392,2796,3447,4203,5116,6792,7872,8872,10001,,
610831,,,149,122,167,191.6,227,235,386,397.1,451.8,575.2,397.5,512.6,719.9,739.5,882.2,673.4,860,694,764,802,1139,985,1381,1668,1828,2117,2946,3693,4570,5621,6582,7394,8296,,
610824,,171,184,195,238,237.5,284.1,272.2,310.7,316.8,401,414.9,634.5,478.5,648.8,677.7,882.8,936.4,1220,1017,1215,1336,1490,1564,1687,1842,2022,3007,4850,6031,7599,9689,11413,12680,13086,,
610525,119,,,,239,273,282,351,403,447,590.52,618.01,623.27,709.56,784.12,913.03,1125.16,1285.06,1491.58,1642,1269.95,1277,1367,1370,1506,1653,1819,2165,2673,3272,3936,5007,6800,,7691,,
610204,50,53,30,132,169,194,221,230,260,321,366,562.12,,,,558.9,654.77,1214,1347,1272.19,1438,1462,1572,1696,1848,2047,2248,2695,3404,4101,5358,6799,9099,,10227,,
610830,,,,,203,206.1,242.6,248.8,410.7,370.2,435.4,430.8,433.3,525.1,686.6,734.7,953.3,719.2,799,776,689,649,1037,964,1363,1393,1845,1993,2767,3502,4386,5465,6500,7352,8234,,
611021,,,,,,,,,,,,,,,,,,,,,,1230,1252,1280,1381,1482,1605,1844,2499,3041,3710,4719,6414,,7301,,
610481,64,56,105,196,239,301,365,374,419,452,477,,,,,,,1368,,1600,1609,1690,1832,1932,2125,2359,2597,2960,3908,4787,5768,7273,9677,,10936,,
140502,,,,,,,,,700.1,925.1,991.5,1037.5,1375,2039.3,2133.5,2652.9,5258,,,,,,,7235,,8645,9259,10134,11022.85,11935,13301,15903,18096,20303,,,
141082,51,68,100,151,316,324,308,312,343.1,389.9,470.4,490,635.7,798,941.2,1352,1872,2286,2490,,2642,,,,2517.7,3940,4316,4850,5345,5895,6527,7617,8770,9840,10868,,12143
141181,,,,,,459.1,,,490.8,557.8,591.4,597.2,648.1,757.3,998,1224,1530.5,1855.23,,,,,,,,3817,4943,5686,6750,6915,7686,9308,10797,12244,13495,,14978
140105,,,,,,525.9,,,659.9,715.3,762.6,776.3,864.2,969.9,,,,,,,,,,23474,23264,30763,34600.16,38999.11,44704.7,48463,54235,63326,72054,80949,89393,,
140926,33,86,117,141,185,162,101,144,154,206,291.4,203.2,298.3,381.5,444.6,361.3,663.7,895,1022,,881,511,860,1084,523,1512,1352,1755,2165,2389,2682,3420,3988,4566,5138,,6004
140121,,,,,,493.9,524.7,585.5,647.7,715.5,765.9,810.8,868.4,965.9,1230.9,1455.2,2097.3,,,,,,,4118,3202,5161,5680.62,6393.93,7295.2,7864,8792,10251,11633,13052,14529,,16752
141123,,,,,,261.1,231.5,203,323,240.7,351.4,268,363.8,448.8,636,536.5,791.9,873.5,1012.3,,,,,,,1075,1150,1168,1577,1738,2050,2455,2831,3230,3546,,4006
140729,,,,,,403.5,421.3,424,468.4,528.3,606,631.9,667,848,1152.8,1558,1960.1,2013.1,2256.4,,,,,,,4314,4756.47,5175.12,6192.6,6775,7563,9100,10515,11913,13222,,15072
141102,,,,,,271.9,,,370.5,391.2,437.2,361,397.9,448.6,664.8,787,951.1,,,,,,,,,,,,1623,1919,2412,3299,3833,4377,4842,,5474
141125,,,,,,303.4,275.4,241.3,318,297.9,354.6,273.7,381.5,464,622.5,763,951.5,1096.81,994.5,,,,,,,1980,2273,2711,3164,3415,4525,6399,7404,8441,9418,,10583
140431,82,101,116,207,371,361,266,285,315.3,363,365,368.3,390.5,502,602,850,1232,1568,1858,,1506,1598,1826,2053,1345,2830,3248,4017,4836,5420,6250,,,,10952,,12745
140602,,,,,,373.5,354.2,443.9,494.9,531.2,619.8,645.1,728,878.3,1250,1351,1785.2,2246,2428,,2583,1360,2586,2801,2268,3348,3674,4208,5226,5959,6796,8097,9198,10394,11543,,12925
140822,62,70,135,103,277,279,260,226,256.4,276.3,313.9,280,347,498.3,720,1049.1,1474.4,1558,1963,,1908,1720,1851,2031,1813,2503,2338,2789,3099.45,3548,4087,4909,5597,6369,7098,,8210
141124,,,,,,202.1,191.6,160,281,219.6,295.2,229.6,335.8,399.4,483.6,506.9,702.8,,,,,,,,,932,1112,1175,1497,1740,2045,2658,3065,3488,3885,,4446
141127,,,,,,190.2,122.1,178.2,221,295.3,345,184,336.5,456.4,555.2,522.6,791.8,1305.15,1284.8,,,,,,,936,1128,1278,1422,1741,2212,2851,3296,3721,4100,,4689
141121,,,,,,420.1,433.3,447.9,498.7,545.2,606.7,615.4,635.1,789.6,968.6,1248,1565,1607.27,1437.4,,,,,,,2868,3098,3285,3791,4028,4538,5495,6319,7109,7886,,9050
141031,57,65,84,173,302,250,245,247,349,363,501.7,515.1,603.2,657.5,729.4,832,1090,1276,1416,,1555,,,,1373.92,1996,1916,2158,2288,2496,2496,2874,3466,3937,4432,,5139
141129,,,,,,262.5,260,243.8,389.4,385.4,437.2,322.6,331.2,456.5,596,761,993.1,1134.2,,,,,,,,2100,2310,2551,3023,2773,3159,3728,4291,4870,5422,,6208
141026,118,85,154,316,403,321,266,320,367,399.5,494.1,398.3,515.7,594.4,695.7,923,1254,1479,1639,,1869,,,,1693.22,2730,2921,3290,3636,4018,4508,5252,5735,6532,7300,,8335
140930,50,38,78,131,272,170,220,198,380.4,384.1,322.1,305.8,483.9,542,680.6,370.4,906.1,836.3,966.4,,765.3,308.8,1290.6,1499.2,406,1661.6,1796,2175,2408,2637,2941,3386,3985,4535,5091,,5895
141128,,,,,,216,181.2,179.5,261.6,294.6,316.9,265.8,296,4153.4,518.2,521,781.2,,,,,,,,,1001,1180,1343,1485,1701,2002,2552,2953,3340,3673,,4142
141022,70,71,155,259,374,357,315,317,379,465.8,543.5,532.5,591.6,758.6,883,1204,1542,1908,2053,,2146,,,,1905.62,3180,3558,4116,4463,4598,5264,6175,7141,8076,8975,,10274
141081,106,98,213,288,419,392,439,452,467,500,583.2,665.2,832.3,1028,1288.4,1582,2027,2503,2816,,3113,,,,2834.77,5330,5650,6136,6452,6821,7251,8360,9319,10447,11823,,13177
140702,,,,,,516.4,,,650,695.7,758.4,741.5,841.1,970,1274.1,1571,2011.9,2620.83,2856.7,,,,,,,,4603.03,5311.4,6106.4,6766,7657,9140,10630,12129,13528,,15624
140802,114,128,197,124,360,337,347,348,368.3,402.3,477.5,467.4,483,602.9,749.5,1080,1782.9,2134,2358,,2409,2246,2525,2707,2360,3476,3196,3940,4478.2,4705,5334,6469,7405,8375,,,
141027,30,33,71,126,293,308,245,269,298,347.6,449.6,416.5,493,592.3,700.4,872,1213,1445,1631,,1760,,,,1607.02,2959,3259,3696,4020,4102,4345,4995,5577,6224,6993,,8031
141030,67,43,77,195,308,319,199,171,324.2,280.7,469,466,557.8,655,753.1,881,925,1068,1185,,843,,,,824.45,1130,1154,1190,1189,1191,1368,1666,2012,2249,2541,,2905
140821,73,89,176,127,357,285,326,327,363.5,387.5,454.5,470.9,502,628,802,1205,1652,2168,2423,,2492,2553,2737,3011,2543,3766,3495,4187,4758.1,5019,5680,6815,7785,8844,9908,,11408
140927,133,,,,,198,199,141,253.7,387.2,470.7,440.1,279.9,568.4,797,343,801,1080,1370,,650,365,1039,1495,597,1008,1102,2100,2406,2643,3205,4066,4741,5353,5893,,6732
140781,,,,,,376.2,,,489.4,545.6,596.7,633.3,684.5,598,1083,1428,1887.9,2061.8,2159.4,,,,,,,3696,4095.15,4765.56,5448.53,5732,6319,7580,8704,9809,10921,,12333
140826,64,60,150,245,415,354,339,320,347.8,390,443.2,444.7,532.8,631.5,736.8,1008,1522,1896,2114,,2146,1854,2015,2065,2135,2891,2674,3121,3520.2,3946,4519,5192,5886,6610,7339,,5425
140929,53,68,79,94,110,150,214,213,243.3,258.6,334.8,277.2,322.9,515.4,635.6,547,772.5,877,1066,,818,488,816,1305,546.6,1568,1662,2401,2713,2380,2890,3358,3973,4541,5073,,5898
140123,,,,,,273.3,249.1,259.8,348.8,321.2,328.3,305.5,336.9,499.3,547.8,616.6,855,,,,,,,941,735,1578,1862.07,2325.74,2680,2795,3109,3592,4073,4602,5082,,6033
141032,52,54,88,184,281,241,199,199,326.3,246.9,324.5,290.2,387.7,461.1,611.5,819,1052,926,1107,,808,,,,802.43,1260,1308,1258,1350,1455,1617,1909,2206,2462,2761,,3211
140727,,,,,,419.3,447.6,477,537.4,573.8,651.7,662.7,722.7,865,1122.5,1373,1871.9,,,,,,,,,3904,3989.86,4881.28,5695.91,6302,7189,8660,10129,11507,12926,,14841
140931,27,46,83,72,231,176,194,181,274.4,257.6,339,303.8,396.7,534.4,652.9,248,870.6,881,849,,818,580,1268,1424,291,1760.8,1618,2128,2401,2807,3130,3815,4532,5108,5644,,6400
141002,67,54,118,227,317,348,354,353,381.1,452,496.9,507,638,808,1042.2,1432,1809,2208,2480,,2664,,,,2486,3950,4368,4913,5430,5915,6686,7707,8912,10053,,,
141130,,,,,,327.8,288.3,277.7,344.5,409.7,460.7,433.4,506.2,664.3,890.4,970,1321.1,,,,,,,,,2102,2260,2252,3106,2760,3381,4127,4775,5424,6064,,6829
140723,,,,,,321.2,324.5,336.4,347.1,365.4,376.3,378.4,401.6,645,797.3,930,985.5,,,,,,,,,1883,1998.37,2171.63,2406.87,2600,2862,3335,3830,4347,4875,,5638
140829,107,104,182,187,264,273,187,191,214.6,234.6,287.5,301.4,379.4,476.7,679.4,861.9,924.3,1184,1249,,1202,1026,1141,1040,1242,2424,2207,2547,2776.8,2897,3249,3734,4237,4745,5365,,6222
140725,,,,,,351.4,314.5,364.2,448.5,486.5,511.6,417.9,518.8,699,1107.6,1378,1786,,,,,,,,,3095,3458.07,4098.72,4652.17,5140,5851,7096,8287,9397,10430,,11834
141023,73,68,129,246,356,364,348,327,399.3,524.2,604.8,651.2,704.8,751.3,861,1072,1567,1909,2061,,2300,,,,2109.39,4006,4381,5064,5296,5381,6125,7115,8176,9206,10391,,11752
140827,92,72,119,253,320,270,250,237,272,336,383.8,394.8,,492.6,989.38,1695.08,1322.44,1180,1405.51,,1569,1058,1068,1079,1518,2058,1853,2331,2630.6,2763,3144,3732,4220,4794,5342,,6236
140522,,,,,,362.9,396.4,420.8,470.8,503,578.6,510.8,696.3,999.1,1229.3,1500,2037,,,,2586,,,2839,,3466,3838,4389,4858.59,5262,5920,7078,8048,9014,9978,,11488
141025,57,38,87,220,298,300,278,290,337.4,380.9,453.4,410.8,494.8,599.7,770.1,923,1206,1580,1768,,1861,,,,1720.02,2926,3230,3663,4051,4380,4962,5715,6381,7179,7991,,9065
140881,121,135,284,182,348,361,363,370,387.1,420.7,501,513.6,574.5,682.3,886.9,1216,1840,2122,2308,,2350,2350,2605,2605,2310,3565,3255,4058,4468,5090,5884,7121,8082,9076,10205,,11640
140882,97,104,180,241,410,356,365,371,377.7,424.3,443,518.2,640.2,759,903,1198.9,1650,2107,2327,,2522,2731,2943,4042,2400,6244,5716,6875,7839.8,8625,9874,11347,8625,9660,10686,,11993
140726,,,,,,398.8,403.7,431.6,509.5,556.5,602.8,610.5,677.6,850,1096.8,1405,1870.4,,,,,,,,,4155,4751.32,5696.33,6391.72,7063,8008,9530,10952,12463,10402,,16368
141028,64,37,81,166,256,277,223,201,289,309.7,441.2,444.8,491.9,584.5,653.3,851,918,928,1069,,1109,,,,918.16,1546,1598,1689,1805,1913,2106,2428,3138,3562,3978,,4661
140828,79,85,152,170,351,279,273,264,280,295,376,376.4,425.5,495,656.3,872.2,1297.1,1680,1908,,1939,1712,1816,1816,1936,2149,2004,2445,2714,3102,3589,4138,4692,5311,5979,,6858
140825,135,155,273,248,360,312,335,340,362.9,405,475.5,511,550,660.3,803.4,1284,1663.1,2083,2203,,2300,2312,2355,2355,2224,3091,2860,3467,4030.7,4588,5258,6165,6991,7851,8860,,
140830,81,82,81,191,197,351,292,298,308,342.7,372.4,378.1,404.6,453.3,560,726.2,1052.6,1556.1,1897,,2236,2281,2296,2608,2265,3113,2905,3573,3963,4505,5222,6005,6809,7667,8605,,9806
141034,35,41,95,153,275,268,246,193,301,307.2,377,369,421.1,511.9,623.4,873,1133,1198,1325,,857,,,,1054.22,1402,1503,1615,1668,1721,1893,2101,2357,2670,2952,,3374
140824,72,90,157,183,340,297,342,344,359.6,408.1,478.3,482.2,501.5,585.8,769,1104.2,1573.6,1918,2140,,2110,2080,2211,2211,2089,3059,2825,3436,3886.3,4293,4920,5911,6709,7581,8488,,9654
140724,,,,,,367,354.7,373.8,465.3,517.9,542.2,483.1,493.3,619,861.5,1175,1447.1,,,,,,,,,2648,2866,3130.7,3390,3681,4052,4703,5367,6065,6776,,7743
140521,,,,,,266.1,283.2,299.4,348.6,383.6,438.6,400.8,522.1,739.1,898,1160.8,1557,1970.23,2300,,2160,,,2333,,2863,3152,3600,3991.4,4371,5059,6089,7051,7932,8816,,10098
140928,124,91,178,137,316,171,246,154,263.2,323,416,385.5,527.9,550.9,577.9,290,593,888,1150,,816,448,978,1350,495,1018,996,1967,2260,2660,3201,3810,4500,5121,5752,,6616
141122,,,,,,440.5,430.3,450.7,469.4,506.3,523.5,524.6,569.6,712.7,928.2,1215.2,1533.1,,,,,,,,,2300,2569,2920,3475,3610,4329,5265,6071,6879,7654,,8763
140728,,,,,,350.8,355,354.6,421.6,462.1,513.6,503.9,527.9,710,930.5,1199,1629.1,,,,,,,,,3127,3496,4028.94,4515.29,4951,5615,6710,7736,8718,9706,,10885
140181,,,,,,431.9,509.6,549.9,633,742.1,789.5,806.9,861.4,958,1110.9,1398.4,1999.8,2183.83,2732.9,,,,,3748,3260,4868,5400.26,5940.07,6557.5,6765,7481,8737,9910,11109,12233,,13916
140581,,,,,,427,,,464.8,513.5,573.6,550.6,750.7,875.1,1039.4,1450,2001,,,,2575,,,2929,,3639,4038,4688,5184.23,5629,6340,7596,8647,9702,10714,,12168
141033,36,42,102,206,357,294,277,282,309.8,334.9,438.1,468.8,587.7,663,790,964,1427,1608,1807,,1875,,,,1756.31,2804,2936,3188,3460,3740,4228,4875,5575,6277,6959,,7871
141024,53,51,108,167,346,348,317,324,362.6,422.2,482.1,494.1,620.2,740.9,972.5,1290,1692,2035,2172,,2381,,,,2210.82,3680,4031,4505,4953,5240,5922,6757,7359,8249,9294,,10467
140623,,,,,,133,114.9,114.2,250.6,239.5,383.7,389.4,421.2,522,624,528,946.2,1404,1605,,1235,776,980,1290,879,1680,1801,2075,2516,2802,3223,3810,4600,5212,5809,,6588
140932,74,43,208,263,350,231,241,124,271,236,192,348,407.6,492.2,609.5,294.6,851.6,952,1255,,790,544,1071,1303,625,1441,1552,2041,2402,2590,2968,3564,4188,4753,5275,,6030
141182,,,,,,402.8,,,497.3,560.6,595.5,572.8,611.8,738.3,960.8,1204,1552.6,,,,,,,,,3182,3501,4138,4890,5242,6271,7558,8775,9933,10863,,12397
140823,53,68,118,200,301,247,243,240,280.7,304.9,357.8,371.8,441.8,498.9,666.9,921.7,1396,1738,2007,,2093,1998,2167,2340,2092,2775,2665,3098,3548.2,3795,4355,5279,5934,6723,7451,,8641
141029,65,46,77,180,279,313,288,278,314.5,386,473.7,521,643.1,756,948,1106,1527,1811,1980,,1898,,,,1693.35,2916,3163,3563,3763,4125,4645,5524,6043,6829,7611,,8744
141021,66,74,136,288,352,344,375,391,439.4,474.3,525.1,549.5,678.6,825.6,965.1,1215,1681,2268,2458,,2638,,,,2459.6,3933,4336,4890,5290,5840,6484,7600,8909,10138,11361,,13135
141126,,,,,,193.7,178.7,121.2,338.3,287.7,351.2,223.6,298,401.9,498.7,603,710.1,,,,,,,,,716,806,668,1024,1138,1410,1800,2097,2363,2589,,2877
620102,629,667,766,1046.73,1699,2214,2640,2922,3281,3607,3783,4021,4220,4529,5388,7372,9061,10786,11952,,13504,14427,15292,16288,12825,18364,19562,21001,23530,26425,29840,48316,56629,64170,59209,,
620121,85,85,90,163,200,273,272,297,330,370,356,428,481,551,698,860,1009,1182,1385,,1596,1646,1748,1846,1542,2071,2216,2374,2693,3106,3524,4053,4900,5642,6382,,
620122,90,57,94,104,166,338,362,362,399,439,492,573,605,675,798,966,1108,1262,1365,,1595,1668,1771,1876,1572,2113,2264,2448,2790,3207,3705,4257,5083,5758,6512,,
620123,71,48,52,200,248,297,298,316,353,317,446,498,539,604,731,935,1111,1117,1198,,1381,1506,1597,1684,1352,1866,1965,2084,2392,2748,3156,3581,4263,4910,5558,,
620402,,,,,273,273,373.77,402.53,502,550,580,675,485,801.01,1054.7,1456,1803,2352.46,2756.36,2780.16,2880,2980,3100.13,3214.18,3360,3502,3682,3980,4505.04,5050,5637,6323,7461,8473,9490,,
620421,,,,,105,209,265.47,292,333,355,375,418,461,540.4,650.02,853.62,1041.3,1271.6,1500.2,1599.99,1665.6,1740.97,1842.4,1940.01,2052,2185,2316.89,2509.28,2882.54,3212,3658,4108,4836,5527,6213,,
620422,,,,,185,209,211.89,231.43,259.28,272,291,299,350,405.32,508.53,665.28,815.7,956.03,1025.73,1106.38,1073.3,1164.83,1251.19,1344.3,1450,1575,1675.58,1805,2106.68,2351,2655,2987,3515,3993,4501,,
620423,,,,,215,251,279.21,298.32,313.58,360,380,424,485,551.49,776.57,1018.78,1252.67,1505.02,1720,1750,1819,1908.18,1990,2091,2200,2339,2480,2685,3088,3436,3938,4439,5238,6004,6748,,
620503,29,37,49,84,86,247,277,297,335,377,407,433,564,647,836,1010,1161,826,1169.38,,1255.34,1299,1362,1458,1195,1670,1737,1830,2165,2399,2763,3226,3825,4355,4965,,
620521,33,39,52,98,81,213,275,192,236,250,352,383,415,476,525,744,934,614,880.42,,909.28,1018,1104,1189,851,1410,1543,1692,2042,2304,2738,3151,3713,4201,4772,,
620522,22,21,23,40,102,213,230,237,286,305,334,398,428,501,561,864,1021,650,1003.01,,1020,1148,1240,1311,980,1538,1590,1795,2159,2442,2848,3294,3909,4430,5042,,
620523,96,130,148,169,173,224,218,237,275,304,354,455,474,546,789,905,1095,599,952.1,,981.49,1140,1239,1309,933,1532,1646,1801,2159,2449,2883,3325,3928,4447,5043,,
620524,115,135,151,167,175,203,203,231,266,296,338,374,408,466,539,785,996,657,858.02,,927.78,1103,1207,1288,876,1557,1654,1795,2115,2335,2798,3221,3833,4381,4981,,
620525,80,93,112,116,170,202,198,287,234,248,277,342,371,431,590,710,855,504,848.05,,868.49,946,1053,1118,826,1323,1460,1600,1894,2116,2480,2853,3343,3778,4273,,
620622,,,,,,,,,,,,,,,,,,,1058,,1130,,,,1188,,,,,2380,2633,2966,3555,3940,4507,,
620802,,,,,118,257.71,290.29,331.76,389.99,445.53,471,518.98,559.88,630.58,866.16,1188.61,1366.93,1657.9,1799.85,,1803.74,1893.49,1958.09,2053.56,1860.66,2306.6,2511.61,2710.03,3111.59,3504,4030,4586,5360,5991,6691,,
620821,,,,,247,266.69,298.38,323.04,351.36,390.85,413.93,492.22,539,588.52,803.5,914,1071.01,1270,1378.53,,1397.6,1487.44,1551.43,1637.89,1461.79,1890,2004.96,2160.88,2504.7,2809,3249,3714,4344,4858,5480,,
620822,,,,,138,235.65,266.58,289.5,313.33,344.81,368.19,497.69,526.54,580.78,782.18,888.5,1030.02,1221.43,1337.09,,1407.47,1492.44,1550.65,1633.4,1411.66,1846,1961.61,2100.11,2422.22,2748,3158,3631,4279,4803,5403,,
620823,,,,,94,237.34,268.07,291.24,305.61,336.79,363.45,474.58,526.97,587.4,794.45,908.49,1069.49,1280.55,1389.61,,1396.01,1484.82,1541.17,1629.18,1440.89,1880,2012.56,2133.24,2470.49,2803,3253,3726,4401,4920,5471,,
620824,,,,,119,258.03,278.81,306.66,332.97,363.57,385.33,493.65,527.24,582.4,767.89,1062.48,1232.82,1497.4,1638,,1634.6,1684.51,1750.11,1838.21,1652.69,2072,2206.42,2380.78,2810.12,3227,3730,4243,4986,5535,6177,,
620825,,,,,183,190.84,212.22,239.51,261.16,286.53,303.68,420.45,449.41,496.44,633.7,763.2,877.69,1027.79,1137.33,,1100.32,1184.26,1225.47,1305.92,1139.37,1550,1658.21,1778.18,2027.36,2260,2611,2977,3530,4036,4597,,
620826,,,,,193,207.84,231.96,221.36,267.67,292.69,309.63,420.68,452.21,497.78,655.97,784.41,896.31,1051.5,1161,,1150,1234.85,1290.03,1368.98,1179.05,1581,1690.27,1810.84,2079.5,2328,2683,3063,3642,4158,4748,,
621002,,,,,,,324.24,375.48,428.76,484.87,535.45,632.5,686.21,765.4,912,1041.12,1232,1403,1601,,1725,1800,1886,1980,1795,2273,2455,2679,3166.52,3608,4085,4752,5443,6148,6799,,
621021,,,,,264,234,249.95,265.91,306.65,318.25,363.61,455.93,502.7,585.39,730,842.41,1081.91,1255.57,1436.25,,1389,1439,1513.56,1588.3,1509.39,1788,1935,2084.37,2429.97,2696,3173,3700,4287,4890,5440,,
621022,,,,,194,198.89,230.38,230.4,292.38,304.89,298.87,396.34,423.89,491.29,636.29,757.34,903.95,1004.02,1194.87,,1048,1048,1123.04,1198.61,1237.5,1412,1546,1691.22,1961.76,2179,2656,3087,3636,4226,4782,,
621023,,,,,195,238.26,273.67,275.36,347.97,327.65,378.01,441.5,479.3,542.5,695.5,780.88,1007.89,865,1103.73,,1220.73,1286,1386.41,1473.43,1265.79,1690,1830.28,1976,2300.47,2607,3073,3579,4155,4771,5349,,
621024,,,,,,247.09,286.95,333.05,377.62,419.06,414.27,538.28,618.35,704.62,771,912,1065,1020.37,1220.04,,1182,1260.01,1329.4,1405.52,1280.8,1650,1785.01,1941.06,2280.77,2574,3050,3556,4120,4689,5257,,
621025,,,,,,203.43,269.53,322.34,380.33,402.61,433.97,524.63,552.14,615.25,766.25,888.27,1042,1120,1302.6,,1390.44,1442,1519.69,1609.44,1420,1865,2005.98,2177.02,2576.11,2932,3445,4036,4624,5260,5841,,
621026,,,,,214,231.91,269.53,310.75,356.62,391.48,414.2,493.57,525.44,597.93,723.96,858.74,1013.45,1087.63,1285,,1268.9,1395,1472.03,1556.14,1316.4,1765,1893,2040.01,2418.15,2746,3165,3701,4296,4903,5467,,
621027,,,,,186,201.38,251.97,264.05,316.79,344.6,378.93,492.16,519.48,580.58,711.58,833.77,1001.31,1053.82,1260,,1420,1234,1310.68,1388.15,1300.42,1593,1726,1863,2178.85,2434,2902,3356,3915,4495,5062,,
621102,,,,,190,246,277.49,267.53,319.32,339,367,447.94,495.54,561.58,737.27,754.15,898.06,899,1038,,1258,1354,1418,1490.02,1188,1683,1763.03,1868.06,2153.35,2397,2696,3101,3642,4105,4613,,
621121,,,,,170,205,186.2,199.46,243.91,280,309,414.93,360.38,486.86,645.76,659.42,820.07,860.71,979.92,,1152.2,1246,1321,1390.12,1067.41,1583,1673.98,1780,2016.3,2259,2550,2883,3365,3789,4342,,
621122,,,,,184,220,197.11,248.29,305.5,312,332,443.8,511.81,558,696.99,705.92,883.94,940.67,1073.28,,1331.16,1430.64,1488,1562.06,1258.18,1735,1832.16,1932.31,2232.56,2498,2860,3345,3924,4430,4989,,
621123,,,,,151,191,200.15,254.05,256.77,273,281,360.95,417.15,469.31,619.22,711.67,873.01,906.1,1031.13,,1306.26,1246,1452,1521,1236.98,1675,1738.87,1813.25,2096.38,2307,2648,2993,3517,4035,4535,,
621124,,,,,,,,,,,,,,,,,,,1074.63,,1354,,,,1268.57,,,,,2555,2902,3282,3841,4381,4920,,
621125,,,,,166,178,194.54,221.16,270.72,279,319,348.64,405.4,470.99,638.92,729.91,867.62,948.78,1072,,1258.29,1331.66,1398,1460.23,1175.84,1626,1725.1,1831.42,2083.91,2340,2618,2960,3467,3889,4430,,
621126,,,,,,,,,,,,,,,,,,,915,,1200.37,,,,1050,,,,,2238,2540,2890,3384,3803,4351,,
622901,,,,,362,346.8,398.33,415.67,446.4,470.7,493.46,531.18,577.3,683.57,830.49,983.17,1240.73,1407.29,1582.84,,2146.66,2301,2447.46,2606.93,1897.61,3037,3246.16,3478.28,3719.23,4202,4749,5369,6376,7296,8310,,
622921,,,,,177,209,215.16,201.41,252.98,266,286.09,401.25,401,430,570.78,645,745.49,832.44,944.88,,1037.31,1088,1161.91,1206.07,1011.03,1423,1526.82,1643.17,1839.48,2078,2351,2660,3165,3637,4157,,
622922,,,,,210,237.6,270.13,290,313.62,283,294.9,350.41,380.87,398.03,525,529.99,683,782,885,,971.36,1010,1081.01,1125.02,957,1321,1422.04,1538.33,1833.4,2077,2354,2667,3184,3655,4174,,
622923,,,,,186,219,250.97,254.54,278.64,258,293,285,310.02,335.8,483.05,575.51,708.14,787.69,891.49,,1003.58,1024,1112.51,1163.81,981.02,1345,1433.02,1553.15,1842.27,2089,2382,2699,3161,3619,4119,,
622924,,,,,218,297.3,312,314.78,331.3,321.3,342.27,387.9,406.62,435.83,513.05,656,850,890,990.76,,969.8,1058,1140.99,1192.24,1071.98,1402,1509.22,1631.29,1941.41,2201,2542,2893,3459,3954,4495,,
622925,,,,,,201.1,232,242,260.22,265,285.16,320.3,345.5,368,470,540,705,750,872,,966.89,994,1029.12,1070.62,947,1242,1333.69,1442.11,1727.13,1957,2230,2520,2962,3394,3873,,
622926,,,,,,,,,,,,,,,,,,,706,,779.03,,,,776.7,,,,,1602,1814,2062,2413,2755,3130,,
622927,,,,,,,,,,,,,,,,,,,752.34,,862.7,,,,853.3,,,,,1778,2011,2279,2690,3085,3498,,
623021,,,,,,,,,,,,,,,,,,,759,,920.02,,,,874.03,,,,,2020,2420,2801,3260,3719,4177,,
623022,,,,,,,,,,,,,,,,,,,933,,1082.05,,,,1045.44,,,,,2050,2423,2805,3271,3730,4168,,
623025,,,,,,,,,,,,,,,,,,,2149,,2355.42,,,,2253.23,,,,,3380,3735,4283,4798,5317,5959,,
623027,,,,,,,,,,,,,,,,,,,1144,,1344.04,,,,1244.06,,,,,2375,2776,3195,3707,4175,4637,,
370911,,,,,,,,,,,,,,,,,,,,,,,,,,,,,,,,,,,,,
371624,,,,,,,,,,464,248,500,329,,888,1183,1548,1628,2071,2180,2254,2480,2612,2905,3321,3726,4226,4826,5601,6246,7198,8748,10101,11534,12907,,
370125,,,,,,,,,,511,515,630,600,,1154,1565,2072,2150,2339,2435,2516,2502,2812,3002,3423,4068,4703,5409,6219,6782,7948,9507,10743,12122,13540,,
370124,,,,,,,,,,597,707,782,856,,1346,1750,2248,2554,1781,2893,2994,2938,2881,3093,3497,4088,4725,5405,6205,6657,7324,8490,9632,10836,11941,,
370323,,,,,,,,,,402,389,546,639,,943,1185,1507,1732,1916,2075,2220,2418,2655,2900,3335,3887,4281,5005,5786,6346,7715,9558,10950,12377,13862,,
370921,,,,,,,,,,511,560,725,791,,1404,1723,2102,2392,2524,2589,2705,2869,2998,3176,3486,3699,4048,4546,5193,5770,6751,8256,9496,10752,12010,,
370832,,,,,,,,,,401,433,516,655,,1016,1353,1754,2031,2181,2266,2348,2487,2622,2845,3252,3681,4052,4681,5307,5876,6748,7873,9244,10554,11868,,
371621,,,,,,,,,,567,494,616,462,,1115,1264,1682,1887,2150,2288,2378,2550,2653,2951,3325,3667,4114,4666,5107,5646,6626,7752,9007,10184,11520,,
370522,,,,,,,,,,582,434,710,584,,1254,1604,2070,2081,2411,2558,2639,2783,3019,3368,3870,4417,4931,5620,6257,6895,7965,9224,10483,11833,13156,,
370322,,,,,,,,,,586,656,780,712,,1284,1632,1630,196,2252,2354,2496,2671,2820,3027,3408,3916,4303,5030,5815,6293,6798,7687,8807,10013,11325,,
370116,,,,,,,,,,,,,,1206.47,1619,2018,2482,2692,2692,3067,3238,3444,3609,3829,4225,4670,5174,5862,6567,7223,8195,9539,10789,12047,13396,,
370923,,,,,,,,,,415,459,515,579,,1093,1434,1868,2060,2202,2216,2319,2411,2548,2700,2835,3150,3596,4009,4610,5126,6031,7146,9304,9446,10598,,
370521,,,,,,,,,,501,457,634,592,,1212,1552,2067,2075,2403,2478,2591,2777,2981,3412,3922,4477,5001,5689,6485,7133,8223,9905,11411,12921,14381,,
371725,,,,,,,,,,458,503,647,547,,1063,1292,1758,1840,1819,1998,2056,2212,2336,2307,2697,3118,3504,4058,4630,5101,5894,7228,8326,9468,10620,,
370830,,,,,,,,,,621,670,764,742,,1351,1247,1740,2038,2260,2345,2442,2598,2731,2946,3373,3818,4266,4852,5474,6060,6973,9577,10043,11426,12751,,
370983,,,,,,,,,,600,654,769,,,1475,1790,2282,2556,2700,2760,2879,3055,3239,3450,3849,4523,5225,6107,6923,7415,8489,10149,11421,12916,14440,,
370113,,,,,,,,,,646,716,792,905,,1440,1860,2320,2631,2863,2979,3082,3005,3363,3643,4099,4939,5725,6565,7517,8041,8868,10079,11325,12694,14205,,
371521,,,,,,,,,,576,627,621,507,,904,1260,,1956,2004,2104,2257,2385,2529,2683,3080,3340,3817,4374,5018,5458,6273,7660,8722,9908,11038,,
371425,,,,,,,,,,660,591,674,680,,1217,1491,1794,2151,2351,2355,2513,2603,2800,3092,3362,4084,4403,5098,5774,6231,7123,8447,9669,10951,12238,,
370982,,,,,,,,,,,,,,879,1390,1752,2197,2450,2625,2690,2824,3028,3219,3470,3923,4696,5469,6454,7316,7825,8891,10141,11391,12885,14380,,
371602,,,,,,,,,,,,,,718.86,1021,1362,1800,1968,2290,2390,2470,2620,2725,2991,3407,3826,4418,5117,5901,6455,7381,8987,10363,1759,13172,,
371728,,,,,,,,,,398,502,631,536,,1012,1351,1690,1836,1839,1830,2038,2156,2294,2190,2676,3113,3520,4055,4581,5031,5774,7077,8137,9251,10368,,
371726,,,,,,,,,,409,492,654,584,,1122,1295,1608,1738,1759,1834,1909,1970,2098,2018,2565,3016,3403,3924,4458,4894,5639,6912,7946,9034,10122,,
410184,,,,,,,,,,,,,,,,,,,,,,,,,,,,,,,,11344,12895,13894,15409,,
410926,,,,,,,,,,,,,,,,,,,,,,,,,,,,,,,,4675,7392,6081,6805,,
410728,,,,,,,,,,,495,,,,,1298,,,,,2176,,,,,3580,,,,,7263,8789,10072,11381,12730,14950,
410202,,,,,,,,,,,,,,,,,,,,,,,,,,,,,,,,,,,,,
410725,,,,,,,,,,,,,,,,,,,,,,,,,,,,,,,,6150,7035,8055,8981,,
410122,,,,,,,,,,,,,,,,,,,,,,,,,,,,,,,,10216,11632,12555,13858,,
410727,,,,,,,,,,,,,,,,,,,,,,,,,,,,,,,,5132,5873,6601,7393,,
410526,,,,,,,,,,,496,,,,,1614,,,,,1956,,,,,2868,,,,,4998,5300,6052,6839,7598,9079,
410726,,,,,,,,,,,,,,,,,,,,,,,,,,,,,,,,7980,9141,10256,11333,,
410928,,,,,,,,,,,,,,,,,,,,,,,,,,,,,,,,6341,5023,8248,9205,,
410927,,,,,,,,,,,,,,,,,,,,,,,,,,,,,,,,4399,5339,5722,6408,,
410225,,,,,,,,,,,495,,,,,1028,,,,,1939,,,,,2198,,,,,4429,5236,5984,6756,7545,9072,
610827,,228,276,264,202,225,231.9,218.4,320.5,266.7,467.4,287.5,444.4,519.4,590.9,704.9,911.1,668,802,788,898,646,900,872,1306,1487,1886,2408,3368,4209,5209,6407,7509,8290,8903,,
632521,,,,,,,,,,,,,,,,993.5,1109.7,,,,,1997,2163.72,2322,,2693,2901,3162,3485,4070,4787,5605,6668,7704,8705,,
632222,,,,,,,,,,,,,,,,1636.6,1791.1,,,,,1661,1850.87,1902,,2339,2928,3031,3906,4563,5467,6854,8453,9887,11225,,
632224,,,,,,,,,,,,,,,,2009.5,2203.7,,,,,2112,2381.55,2400,,2827,3033,3650,4187,5263,6252,7690,9210,10687,11798,,
620623,,,,,,,,,,,,,,,,,,,1031.63,,1100.15,,,,1091.38,,,,,2396,2752,3199,3842,4399,5050,,
640502,163.46,,,,,,,,,629.01,652.58,798.23,789.88,806.68,1104.18,1380.82,1869.65,2239.01,2455.71,,2494.6,2716.45,2805.67,2940.34,2538.03,3348.75,3633.39,3956.426506,4556.14171,4700,5358,6195,7000,7756,8971,,
150925,,,,,,,,,,,,,,,,,,,,,,,,,,,,,,,,5843,6540,,,,
150921,,,,,,,,,,,,,,,,,,,,,,,,,,,,,,,,5210,6001,,,,
140603,,,,,,329.2,313.7,313.8,457.4,443.6,499.3,557.7,566.6,754.9,1208.4,1208.7,1603.9,1935.64,2207.92,,1648.48,785,1975,2245,1471.11,2136,2329.88,2859.77,3430,3891,4483,5460,6204,6982,7795,,8824
140925,69,73,117,263,370,226,248,254,309,385,401,407,489,650,784.3,668.1,920.6,1125,1216,,368,494,706,1006,673,1312,1200,1513,1813,1936,2249,2804,3328,3777,4205,,4825
140122,,,,,,309.1,369.4,399.8,469.7,499.9,538.1,426.2,516.2,618.4,775.7,934.6,1415,1643,,,,,,1405,1096,1870,2154.35,2614.85,3102.7,3476,3896,4563,5177,5834,6512,,7648
140428,69,54,85,169,280,311,221,275,311,377.8,428,462.7,523.5,615.8,802.3,1084,1429.9,1750,2067,,2349,2572,2834,3097,2349,3788,4123,4535,5133,5680,6250,7506,8707,9752,10963,,12574
632524,,,,,,,,,,,,,,,,874.7,962,,,,,1931,2097.93,2251,,2601,2801,3100,3446,5263,4796,5608,6663,7770,8778,,
632223,,,,,,,,,,,,,,,,1686.4,1704.6,,,,,1578,1749.08,1806,,2162,2565,2800,3661,4045,4755,5884,7705,8961,10091,,
630123,126,94,158,168,229,285,327,335,377,376,404.9,428,443,465,558,628,720,792,865,,972,1114,1259.54,1486,920,2030,1970,2694,3195,3806,4541,4875,5666,6544,7414,,
632621,,,,,,,,,,,,,,,,1915.2,1978.4,,,,,2628,2761.54,2900,,3125,3272,3436,3652,2361,4201,4714,6172,6935,7835,,
632626,,,,,,,,,,,,,,,,1617.3,955.8,,,,,1474,1587.83,1690,,1900,2024,2104,2235,2171,2561,2890,3539,4072,4607,,
632726,,,,,,,,,,,,,,,,635.9,636,,,,,1609,1751.61,1905,,2258,2418,2588,2743,2909,3139,3129,4061,4670,5246,,
610124,,,,250.06,289,308.75,345.1,350.12,395.25,430.92,,,636,715.87,857,1008,1204,1420.46,1596.31,1757.72,1753,1780,1822,1868,2098,2330,2601,3059,3537,4248,5328,6615,8870,,9961,,
610331,,,,,,,,,,,,,,,,,,,,,,1293,1208,1254,1300,1462,1608,1838,2405,3656,4479,5640,7476,,8463,,
410324,,,,,,,,,,,,,,,,,,,,,,,,,,,,,,,,5738,6545,7317,8166,,
411224,,,,,,,,,,,,,,,,,,,,,,,,,,,,,,,,4456,5133,5866,6587,,
620502,107,122,137,155,176,236,278,296,351,378,403,476,524,610,805,1006,1130,810,1196,,1320.45,1360,1430,1529,1256,1740,1853,2008,2377,2630,3100,3596,4252,4817,5482,,
513232,,,,,,,,,,,,,,,,,,,,,,,,,,,,,,,,,,,,,
623026,,,,,,,,,,,,,,,,,,,1788.8,,2003.1,,,,1894.62,,,,,2960,3339,3825,4368,4919,5524,,
632625,,,,,,,,,,,,,,,,845.2,844.2,,,,,1324,1410.68,1506,,1696,1807,1925,2047,,2364,2650,3252,3804,3803,,
410183,,,,,,,,,,,,,,,,,,,,,,,,,,,,,,,,10835,12325,13310,14734,,
410185,,,,,,,,,,,,,,,,,,,,,,,,,,,,,,,,9788,11121,11983,13277,,
152921,,,,,,,,,,,,,,,,,,,,,,,,,,,,,,,,8225,9836,,,,
140524,,,,,,359.2,348.9,334,339.5,361.1,386.2,397.3,452,578.5,769.6,1072.4,1448,,,,2060,,,2232,,2690,2898,3163,3378.06,3618,4017,4780,5421,6109,6824,,7929
370503,,,,,,,,,,,,,,,,,,,,,,,,,,,,,,,,,,,,,
371702,,,,,,,,,,,,,,678.83,1058,1373,1768,1872,1925,2068,,,,,,,,,,,,,,,,,
370103,,,,,,,,,,,,,,1031.35,,,,,,,,,,,,,,,,,,,,,,,
410802,,,,,,,,,,,,,,,,,,,,,,,,,,,,,,,,,,,,,
513332,,,,,,,,,,,,,,,,,,,,,,,,,,,,,,,,,,,,,
410724,,,,,,,,,,,,,,,,,,,,,,,,,,,,,,,,,,,,,
370102,,,,,,,,,,,,,,,,,,,,,,,,,,,,,,,,,,,,,
370827,,,,,,,,,,,,,,,,,,,,,,,,,,,,,,,,,,,,,
370826,,,,,,,,,,,,,,,,,,,,,,,,,,,,,,,,,,,,,
370303,,,,,,,,,,,,,,,,,,,,,,,,,,,,,,,,,,,,,
370883,,,,,,,,,,,,,,,,,,,,,,,,,,,,,,,,,,,,,
370302,,,,,,,,,,,,,,,,,,,,,,,,,,,,,,,,,,,,,
370306,,,,,,,,,,,,,,,,,,,,,,,,,,,,,,,,,,,,,
411481,,,,,,,,,,,,,,,,,,,,,,,,,,,,,,,,,,,,,
411426,,,,,,,,,,,,,,,,,,,,,,,,,,,,,,,,,,,,,
410622,,,,,,,,,,,,,,,,,,,,,,,,,,,,,,,,,,,,,
410602,,,,,,,,,,,,,,,,,,,,,,,,,,,,,,,,,,,,,
411403,,,,,,,,,,,,,,,,,,,,,,,,,,,,,,,,,,,,,
411424,,,,,,,,,,,,,,,,,,,,,,,,,,,,,,,,,,,,,
411423,,,,,,,,,,,,,,,,,,,,,,,,,,,,,,,,,,,,,
370304,,,,,,,,,,,,,,,,,,,,,,,,,,,,,,,,,,,,,
371402,,,,,,,,,,,,,,,,,,,,,,,,,,,,,,,,,,,,,
371481,,,,,,,,,,,,,,,,,,,,,,,,,,,,,,,,,,,,,
371423,,,,,,,,,,,,,,,,,,,,,,,,,,,,,,,,,,,,,
370831,,,,,,,,,,,,,,,,,,,,,,,,,,,,,,,,,,,,,
370523,,,,,,,,,,,,,,,,,,,,,,,,,,,,,,,,,,,,,
371727,,,,,,,,,,,,,,,,,,,,,,,,,,,,,,,,,,,,,
371424,,,,,,,,,,,,,,,,,,,,,,,,,,,,,,,,,,,,,
370105,,,,,,,,,,,,,,,,,,,,,,,,,,,,,,,,,,,,,
371426,,,,,,,,,,,,,,,,,,,,,,,,,,,,,,,,,,,,,
370126,,,,,,,,,,,,,,,,,,,,,,,,,,,,,,,,,,,,,
371502,,,,,,,,,,,,,,,,,,,,,,,,,,,,,,,,,,,,,
371522,,,,,,,,,,,,,,,,,,,,,,,,,,,,,,,,,,,,,
370181,,,,,,,,,,,,,,,,,,,,,,,,,,,,,,,,,,,,,
370321,,,,,,,,,,,,,,,,,,,,,,,,,,,,,,,,,,,,,
371625,,,,,,,,,,,,,,,,,,,,,,,,,,,,,,,,,,,,,
371524,,,,,,,,,,,,,,,,,,,,,,,,,,,,,,,,,,,,,
371525,,,,,,,,,,,,,,,,,,,,,,,,,,,,,,,,,,,,,
370104,,,,,,,,,,,,,,,,,,,,,,,,,,,,,,,,,,,,,
370502,,,,,,,,,,,,,,,,,,,,,,,,,,,,,,,,,,,,,
370882,,,,,,,,,,,,,,,,,,,,,,,,,,,,,,,,,,,,,
371422,,,,,,,,,,,,,,,,,,,,,,,,,,,,,,,,,,,,,
371623,,,,,,,,,,,,,,,,,,,,,,,,,,,,,,,,,,,,,
371482,,,,,,,,,,,,,,,,,,,,,,,,,,,,,,,,,,,,,
370305,,,,,,,,,,,,,,,,,,,,,,,,,,,,,,,,,,,,,
371723,,,,,,,,,,,,,,,,,,,,,,,,,,,,,,,,,,,,,
371427,,,,,,,,,,,,,,,,,,,,,,,,,,,,,,,,,,,,,
370811,,,,,,,,,,,,,,,,,,,,,,,,,,,,,,,,,,,,,
371722,,,,,,,,,,,,,,,,,,,,,,,,,,,,,,,,,,,,,
370112,,,,,,,,,,,,,,,,,,,,,,,,,,,,,,,,,,,,,
371622,,,,,,,,,,,,,,,,,,,,,,,,,,,,,,,,,,,,,
371421,,,,,,,,,,,,,,,,,,,,,,,,,,,,,,,,,,,,,
370829,,,,,,,,,,,,,,,,,,,,,,,,,,,,,,,,,,,,,
371581,,,,,,,,,,,,,,,,,,,,,,,,,,,,,,,,,,,,,
371523,,,,,,,,,,,,,,,,,,,,,,,,,,,,,,,,,,,,,
370828,,,,,,,,,,,,,,,,,,,,,,,,,,,,,,,,,,,,,
370881,,,,,,,,,,,,,,,,,,,,,,,,,,,,,,,,,,,,,
371428,,,,,,,,,,,,,,,,,,,,,,,,,,,,,,,,,,,,,
371626,,,,,,,,,,,,,,,,,,,,,,,,,,,,,,,,,,,,,
371724,,,,,,,,,,,,,,,,,,,,,,,,,,,,,,,,,,,,,
371721,,,,,,,,,,,,,,,,,,,,,,,,,,,,,,,,,,,,,
371526,,,,,,,,,,,,,,,,,,,,,,,,,,,,,,,,,,,,,
410721,,,,,,,,,,,,,,,,,,,,,,,,,,,,,,,,,,,,,
411425,,,,,,,,,,,,,,,,,,,,,,,,,,,,,,,,,,,,,
410702,,,,,,,,,,,,,,,,,,,,,,,,,,,,,,,,,,,,,
411402,,,,,,,,,,,,,,,,,,,,,,,,,,,,,,,,,,,,,
410223,,,,,,,,,,,,,,,,,,,,,,,,,,,,,,,,,,,,,
410922,,,,,,,,,,,,,,,,,,,,,,,,,,,,,,,,,,,,,
410902,,,,,,,,,,,,,,,,,,,,,,,,,,,,,,,,,,,,,
410523,,,,,,,,,,,,,,,,,,,,,,,,,,,,,,,,,,,,,
410221,,,,,,,,,,,,,,,,,,,,,,,,,,,,,,,,,,,,,
410527,,,,,,,,,,,,,,,,,,,,,,,,,,,,,,,,,,,,,
410621,,,,,,,,,,,,,,,,,,,,,,,,,,,,,,,,,,,,,
411422,,,,,,,,,,,,,,,,,,,,,,,,,,,,,,,,,,,,,
411421,,,,,,,,,,,,,,,,,,,,,,,,,,,,,,,,,,,,,
410923,,,,,,,,,,,,,,,,,,,,,,,,,,,,,,,,,,,,,
410781,,,,,,,,,,,,,,,,,,,,,,,,,,,,,,,,,,,,,
410782,,,,,,,,,,,,,,,,,,,,,,,,,,,,,,,,,,,,,
410222,,,,,,,,,,,,,,,,,,,,,,,,,,,,,,,,,,,,,
410581,,,,,,,,,,,,,,,,,,,,,,,,,,,,,,,,,,,,,
410522,,,,,,,,,,,,,,,,,,,,,,,,,,,,,,,,,,,,,
