GA_ID,2002,2003,2004,2005,2006,2007,2008,2009,2010,2011,2012,2013,2014,2015,2016
513332,-2.670473796,-1.75543645,-0.318303269,0.458481231,-0.599573272,-0.936667098,0.385171848,1.142519967,0.983050411,0.914736356,2.77479508,2.411658332,2.866443105,0.30273068,-0.802730569
513233,-1.763366893,-0.89070243,1.564652228,2.080961656,-0.821290277,-1.192588617,-0.429674086,-1.018379785,0.20739196,-1.057555366,1.075983036,-0.651467524,-0.690662939,-2.880126808,-3.248833001
513231,-2.007542735,-1.06302206,1.266472331,1.896845081,-0.717970279,-1.169034355,-0.37786642,-0.741419595,0.15327786,-1.001271201,1.186843126,-0.40049753,-0.397965372,-2.67296015,-3.318118474
513232,-2.506212566,-1.230876635,1.153002505,1.884231488,-0.616034101,-1.105868279,-0.437651868,-0.77014174,0.129364936,-1.097657795,1.184852095,-0.686179573,-0.809713949,-2.855402967,-3.719355525
370522,-3.601638832,-0.073808455,3.718045096,1.617656315,-0.371242082,-1.180190661,-1.4958698,-2.426470426,-2.079442497,-2.738162785,-1.649106118,-2.698139957,-6.484506844,-9.53274343,-11.03021457
370521,-3.843102911,-0.130113263,3.678988799,1.53831545,-0.390159893,-1.130822296,-1.467616643,-2.361890691,-1.993185752,-2.670941665,-1.57141529,-2.794829057,-6.515969843,-9.4365393,-11.01260248
370523,-3.987921036,-0.147298482,3.720994012,1.561164407,-0.368401136,-1.133737815,-1.484329468,-2.436860018,-2.100759568,-2.761872295,-1.698428418,-2.952622916,-6.64085018,-9.552318713,-11.23636622
370503,-3.019841009,0.0326306,3.647197178,1.704061469,-0.36225661,-1.225385793,-1.494131874,-2.40176161,-2.023170263,-2.695666631,-1.575730649,-2.297927462,-6.207279015,-9.423608588,-10.59720058
370502,-3.810409069,-0.11209143,3.74296689,1.586332798,-0.374577552,-1.16374898,-1.496281385,-2.434789181,-2.098832846,-2.752790928,-1.67464447,-2.84124279,-6.5833745,-9.570869446,-11.18415165
371425,-5.586504817,-0.328916365,4.046533366,1.792062942,-0.091951931,-1.049799405,-1.681936103,-3.249434044,-3.06258104,-3.490779748,-2.640869618,-4.649506483,-7.887200671,-10.52415455,-13.21049507
371402,-3.153599262,0.220083714,4.307845592,1.998874187,-0.239078328,-1.450337052,-1.6932621,-3.118551254,-3.054725647,-3.701520443,-2.756222963,-3.451174974,-7.104094982,-10.74053669,-12.46303368
371481,-3.485029516,0.050990644,4.075442508,1.831650597,-0.294441617,-1.332293419,-1.621199986,-2.831794149,-2.654837466,-3.269579647,-2.282060731,-3.162845473,-6.900467025,-10.26248787,-11.97301709
371423,-3.509432983,0.03229835,4.041573108,1.811199284,-0.302171594,-1.317984653,-1.610752182,-2.791214865,-2.598851956,-3.210680663,-2.216890655,-3.11117005,-6.863017006,-10.19317485,-11.8911267
371424,-3.171711999,0.211376173,4.296257947,1.990521923,-0.241677407,-1.444245014,-1.689722784,-3.104602822,-3.035139704,-3.680195679,-2.732903119,-3.437972059,-7.094721943,-10.71694858,-12.43960194
371426,-3.240010161,0.200584564,4.298564417,1.991528754,-0.233852756,-1.436110927,-1.692859828,-3.123199893,-3.055004651,-3.694035445,-2.752125893,-3.4937368,-7.131908995,-10.73285132,-12.48958169
371422,-3.153599262,0.220083714,4.307845592,1.998874187,-0.239078328,-1.450337052,-1.6932621,-3.118551254,-3.054725647,-3.701520443,-2.756222963,-3.451174974,-7.104094982,-10.74053669,-12.46303368
371482,-4.973949688,-0.190689538,4.112326361,1.844133721,-0.128995304,-1.150646472,-1.684787754,-3.216480474,-3.060603215,-3.543839882,-2.669913197,-4.347791478,-7.690030911,-10.57863509,-13.0222998
371427,-4.062736041,0.074844731,4.295218324,1.987725949,-0.140813404,-1.321904706,-1.729143333,-3.315998459,-3.232896197,-3.793292506,-2.884207843,-4.13186687,-7.532998188,-10.83012374,-12.97985466
371421,-3.153599262,0.220083714,4.307845592,1.998874187,-0.239078328,-1.450337052,-1.6932621,-3.118551254,-3.054725647,-3.701520443,-2.756222963,-3.451174974,-7.104094982,-10.74053669,-12.46303368
371428,-3.012944672,0.293502931,4.373362285,2.045468449,-0.223200618,-1.485097159,-1.707665058,-3.203977961,-3.177854545,-3.859353551,-2.916747673,-3.564242407,-7.158218382,-10.87524543,-12.58280119
370911,-6.016351454,-0.492375054,3.714660475,1.552376607,-0.169541575,-0.890495069,-1.516700953,-2.896146371,-2.641965114,-3.184690016,-2.342115798,-4.537377629,-7.672336028,-9.928429463,-12.60243655
370921,-7.653891538,-0.775676873,3.153131407,1.400128927,-0.061362182,-0.523996226,-1.3562273,-2.866823637,-2.53442409,-3.057313169,-2.330326068,-5.45815744,-7.902640319,-9.123813567,-12.27985627
370923,-6.894775116,-0.602144538,3.543257088,1.596642094,-0.050185462,-0.7394006,-1.519308491,-3.088212912,-2.816070787,-3.249259159,-2.47730072,-5.209441039,-7.967299331,-9.748144118,-12.77091822
370983,-6.045237253,-0.425279913,3.879280673,1.725679956,-0.076358016,-0.943374978,-1.628889304,-3.198787527,-2.982514791,-3.409349865,-2.586095467,-4.847987873,-7.923950227,-10.26881321,-13.0777414
370982,-7.314051097,-0.745380488,3.104879574,1.282774613,-0.147242361,-0.539298602,-1.270066412,-2.647992262,-2.312834367,-2.993810079,-2.241215922,-5.130569578,-7.665154663,-8.999000144,-11.94895921
370125,-4.337124214,-0.127406395,3.995186651,1.756336438,-0.243891113,-1.19595915,-1.604596854,-2.893335869,-2.698319665,-3.275100028,-2.338163422,-3.661008865,-7.207113,-10.22935163,-12.28816004
370124,-5.635763645,-0.340031922,4.041242599,1.787875652,-0.088973075,-1.041689754,-1.681706786,-3.252084017,-3.062740088,-3.486512899,-2.638534069,-4.673768997,-7.903056145,-10.51977348,-13.22562885
370116,-5.822510324,-0.472069679,3.769233673,1.554783836,-0.193350288,-0.930826154,-1.53013908,-2.86606518,-2.614660166,-3.158178553,-2.297655388,-4.378592534,-7.618943124,-9.990469178,-12.59600001
370113,-5.64204217,-0.344479203,4.032081876,1.780022498,-0.092491415,-1.037957338,-1.676601143,-3.239076151,-3.047641424,-3.475448637,-2.627045902,-4.663812767,-7.893480106,-10.50194444,-13.20441496
370102,-5.81831152,-0.469336443,3.774894908,1.55954549,-0.191268659,-0.933169922,-1.533260418,-2.873880813,-2.623747012,-3.164819896,-2.304516045,-4.384291974,-7.624633185,-10.0013946,-12.60883577
370105,-5.679265508,-0.370845688,3.977770918,1.733463694,-0.113350507,-1.015829059,-1.646331444,-3.161956735,-2.958126345,-3.409852216,-2.558936286,-4.604785506,-7.83670688,-10.3962418,-13.07864468
370126,-3.522626043,0.031809196,4.049079348,1.812681218,-0.300721875,-1.318902877,-1.61302546,-2.799265219,-2.609475262,-3.220581483,-2.228273085,-3.130138175,-6.877368035,-10.20825934,-11.91743097
370181,-5.742835335,-0.454703355,3.778925061,1.563649952,-0.197117088,-0.944264395,-1.533025866,-2.863602265,-2.614265158,-3.160054112,-2.294912079,-4.335001748,-7.59314464,-9.997925407,-12.57236617
370104,-5.635763645,-0.340031922,4.041242599,1.787875652,-0.088973075,-1.041689754,-1.681706786,-3.252084017,-3.062740088,-3.486512899,-2.638534069,-4.673768997,-7.903056145,-10.51977348,-13.22562885
370112,-5.812585116,-0.465280247,3.783250056,1.566708054,-0.188059716,-0.936574116,-1.537917081,-2.885744793,-2.63751793,-3.174911189,-2.314993966,-4.393372673,-7.633367126,-10.0176558,-12.62818416
370103,-5.6839927,-0.37419411,3.970873676,1.727550941,-0.115999516,-1.01301887,-1.642487332,-3.152162925,-2.946758343,-3.401521773,-2.550286679,-4.597289316,-7.829496942,-10.38281805,-13.06267244
370832,-7.655860166,-0.737079169,3.29613338,1.536885263,8.13E-04,-0.576219596,-1.464542635,-3.07493842,-2.750572923,-3.140676168,-2.407340115,-5.613769985,-8.062704576,-9.348288811,-12.60551302
370830,-7.68720293,-0.767119467,3.229822636,1.476278782,-0.025772354,-0.549138367,-1.417094231,-2.985071659,-2.660815954,-3.099930525,-2.375819683,-5.546595573,-8.007734299,-9.262476921,-12.48472118
370827,-8.093480825,-0.830372684,2.697071257,1.287068793,-0.087856011,-0.37307656,-1.183466192,-2.615907885,-2.209587066,-2.860342389,-2.14822724,-5.622144835,-7.574707031,-8.213202181,-11.36985057
370826,-8.031977187,-0.797931556,2.413547821,1.109606055,-0.148718731,-0.281894585,-1.005688967,-2.337433824,-1.8970448,-2.792209922,-2.067095205,-5.521172535,-7.240397235,-7.672989401,-10.66270755
370883,-7.625990085,-0.782844512,3.088895222,1.336346194,-0.091172042,-0.502937296,-1.305245467,-2.767779692,-2.428558903,-3.021617087,-2.292220846,-5.384082106,-7.814614133,-9.007669842,-12.10826246
370831,-7.581240177,-0.794340372,2.985869646,1.23404789,-0.138982758,-0.469161808,-1.22347796,-2.608927488,-2.258766413,-2.964365721,-2.231105566,-5.265275955,-7.673432827,-8.821392059,-11.83305073
370882,-7.68720293,-0.767119467,3.229822636,1.476278782,-0.025772354,-0.549138367,-1.417094231,-2.985071659,-2.660815954,-3.099930525,-2.375819683,-5.546595573,-8.007734299,-9.262476921,-12.48472118
370811,-7.68720293,-0.767119467,3.229822636,1.476278782,-0.025772354,-0.549138367,-1.417094231,-2.985071659,-2.660815954,-3.099930525,-2.375819683,-5.546595573,-8.007734299,-9.262476921,-12.48472118
370829,-7.68720293,-0.767119467,3.229822636,1.476278782,-0.025772354,-0.549138367,-1.417094231,-2.985071659,-2.660815954,-3.099930525,-2.375819683,-5.546595573,-8.007734299,-9.262476921,-12.48472118
370828,-7.991716059,-0.814528975,2.830515189,1.334462241,-0.072305254,-0.417176642,-1.241985504,-2.708376281,-2.322611188,-2.92035459,-2.205234752,-5.603221204,-7.683171999,-8.476025239,-11.64910413
370881,-7.63216937,-0.781257108,3.103121496,1.350472043,-0.084570105,-0.50760118,-1.316536323,-2.789714779,-2.452004678,-3.029522635,-2.300659942,-5.400487439,-7.834109137,-9.033391987,-12.14626504
370323,-5.972321875,-0.529150245,3.46757837,1.309437409,-0.282033698,-0.799330389,-1.356163364,-2.499992165,-2.169021325,-2.899875978,-2.010424104,-4.236362258,-7.299122107,-9.356497329,-11.83715525
370322,-3.549541198,0.01828154,4.022919631,1.793432982,-0.307018857,-1.305638627,-1.603389419,-2.767911397,-2.565585961,-3.179026479,-2.179854289,-3.104031367,-6.852646376,-10.15390989,-11.85613758
370303,-5.833051633,-0.503669536,3.559537933,1.360874238,-0.27739058,-0.84797874,-1.40095626,-2.557051222,-2.240802855,-2.93028788,-2.032428635,-4.1773585,-7.331475763,-9.512433986,-11.97851665
370302,-5.830040382,-0.494996143,3.616997541,1.413979393,-0.254388651,-0.870690974,-1.436341622,-2.641661356,-2.343170741,-2.992686202,-2.105038525,-4.232382476,-7.410165318,-9.643378369,-12.1476056
370306,-5.822051525,-0.471985608,3.769438028,1.554867506,-0.193364471,-0.930946589,-1.530219078,-2.866132259,-2.614753008,-3.158229113,-2.297672749,-4.378361225,-7.618928909,-9.990774155,-12.59619904
370304,-5.826772466,-0.48558347,3.67935474,1.471610986,-0.229426142,-0.895339094,-1.474743069,-2.733483267,-2.454263994,-3.06040307,-2.183837346,-4.292096441,-7.495562007,-9.785483847,-12.33110692
370321,-4.741063074,-0.267056631,3.750703352,1.551292679,-0.299166917,-1.054705701,-1.491580129,-2.618968551,-2.336494953,-2.982390012,-2.019504659,-3.597996052,-7.058424096,-9.751751123,-11.82714518
370305,-5.824774114,-0.511180786,3.495868741,1.30235277,-0.303862671,-0.824215549,-1.361645098,-2.461033636,-2.12466769,-2.858972927,-1.948570319,-4.107665991,-7.238516847,-9.365264018,-11.78345709
371624,-3.421609602,-0.01699225,3.786273663,1.693107264,-0.350083869,-1.229364757,-1.526553161,-2.518367182,-2.204320881,-2.853746353,-1.781989347,-2.702095875,-6.512536965,-9.681754474,-11.14674464
371621,-3.529951096,0.028072013,4.043942928,1.808985353,-0.301945478,-1.316293955,-1.611432791,-2.792927504,-2.600637197,-3.211035013,-2.217793465,-3.123765707,-6.872867584,-10.19769382,-11.90660095
371602,-3.63509702,-0.024476377,3.931104618,1.725511139,-0.32917582,-1.25910363,-1.568261613,-2.658658598,-2.412506755,-3.039235661,-2.014162587,-3.017845619,-6.764334325,-9.96269238,-11.63574896
371625,-3.846495445,-0.119240922,3.738540246,1.581245433,-0.373310729,-1.157666402,-1.493869441,-2.435259337,-2.099295664,-2.754693127,-1.679551719,-2.86393015,-6.595111059,-9.567186124,-11.19488792
371623,-2.656980216,0.199527792,3.918739043,1.893897122,-0.314096708,-1.378531545,-1.576895472,-2.697343811,-2.486230812,-3.156983636,-2.131013381,-2.547469835,-6.423982222,-9.95999646,-11.18291926
371622,-3.529951096,0.028072013,4.043942928,1.808985353,-0.301945478,-1.316293955,-1.611432791,-2.792927504,-2.600637197,-3.211035013,-2.217793465,-3.123765707,-6.872867584,-10.19769382,-11.90660095
371626,-4.933526783,-0.278140015,3.875848896,1.653375403,-0.23545552,-1.080325152,-1.561701291,-2.837754691,-2.609281063,-3.178699136,-2.266707823,-3.892021645,-7.329720837,-10.07098584,-12.32887874
371521,-5.39934501,-0.164595992,4.240929777,1.964852371,-0.004421764,-1.126786022,-1.78904814,-3.552758643,-3.40157761,-3.784277387,-2.912226606,-4.979449934,-8.075724325,-10.84413343,-13.59696514
371502,-5.396993748,-0.192197998,4.214759102,1.930807466,-0.025995034,-1.119593438,-1.769291093,-3.489384362,-3.333973619,-3.729617768,-2.860165306,-4.887537511,-8.03223728,-10.80226053,-13.52845866
371522,-5.903124493,-0.267609572,4.075256776,1.918153595,0.02225293,-1.019641047,-1.752491094,-3.52448592,-3.334519677,-3.68151772,-2.834574164,-5.204325713,-8.124945441,-10.569144,-13.47196736
371524,-5.635763645,-0.340031922,4.041242599,1.787875652,-0.088973075,-1.041689754,-1.681706786,-3.252084017,-3.062740088,-3.486512899,-2.638534069,-4.673768997,-7.903056145,-10.51977348,-13.22562885
371525,-5.291191101,-0.126690492,4.291646957,1.994142771,0.001911514,-1.15411377,-1.808101058,-3.594535828,-3.454161406,-3.837341309,-2.958373547,-4.982261658,-8.089479446,-10.92743492,-13.66264725
371581,-5.296753801,-0.130134627,4.287604487,1.990812842,4.44E-04,-1.152298822,-1.806060578,-3.589007364,-3.447842389,-3.831677615,-2.953210131,-4.977281423,-8.086469871,-10.92085373,-13.65559212
371523,-5.57651097,-0.303345742,4.084302119,1.823345334,-0.073344566,-1.061022181,-1.703441538,-3.310972011,-3.130048875,-3.546841333,-2.693533647,-4.726817377,-7.935113485,-10.58987492,-13.30077851
371526,-5.603822199,-0.33247924,4.045216173,1.791041047,-0.090620494,-1.047090061,-1.68217292,-3.251283932,-3.063635464,-3.490096196,-2.640820569,-4.659252641,-7.893531151,-10.52357338,-13.21719644
371725,-7.583908671,-0.668117657,3.448358536,1.676015521,0.061844119,-0.638388168,-1.573466773,-3.281239552,-2.956622014,-3.234213224,-2.47969947,-5.767977803,-8.188896177,-9.545281448,-12.88280679
371728,-7.477599632,-0.595008837,3.547181628,1.780746268,0.102373962,-0.689896967,-1.646317347,-3.418572599,-3.083312343,-3.30359169,-2.515460426,-5.879126166,-8.233159772,-9.619705995,-13.00027279
371726,-7.565439224,-0.650415719,3.487433672,1.711729288,0.077510312,-0.654346406,-1.60142684,-3.334195614,-3.009513378,-3.258223534,-2.498273611,-5.807561874,-8.221288681,-9.595848083,-12.95398617
371727,-7.653950444,-0.6732783,3.39729092,1.680507212,0.065353968,-0.624416835,-1.563909199,-3.269128921,-2.92857805,-3.205247199,-2.449494423,-5.815732545,-8.152573798,-9.417577147,-12.77114781
371702,-7.565439224,-0.650415719,3.487433672,1.711729288,0.077510312,-0.654346406,-1.60142684,-3.334195614,-3.009513378,-3.258223534,-2.498273611,-5.807561874,-8.221288681,-9.595848083,-12.95398617
371723,-8.232234765,-0.833029297,2.748347299,1.419857123,-0.036142007,-0.404469253,-1.272658675,-2.765560707,-2.324435843,-2.839668437,-2.116761422,-5.81341773,-7.647419184,-8.177089474,-11.45941083
371722,-8.63692246,-0.922235784,2.112022103,1.123149473,-0.141622767,-0.184885416,-0.954884415,-2.248852413,-1.73340491,-2.561383433,-1.86227004,-5.771694636,-7.117886075,-7.008778871,-10.14807227
371724,-7.633401223,-0.715553519,3.343648948,1.580313388,0.019863443,-0.595624897,-1.498542221,-3.139333265,-2.814889096,-3.169872829,-2.429926367,-5.661904421,-8.102094028,-9.409778102,-12.69206751
371721,-8.688042262,-0.940385779,2.344137629,1.315734326,-0.076670691,-0.274744503,-1.125584143,-2.508943548,-1.982996681,-2.586315566,-1.879598766,-5.911191902,-7.349765997,-7.334807113,-10.63501574
411481,-8.250959552,-0.85976709,1.258835161,0.766724623,-0.371479057,-0.062629711,-0.483291977,-1.362734361,-0.653058096,-2.185837027,-1.340166511,-5.271869642,-5.749087727,-4.987354492,-7.58383999
411426,-8.620502157,-0.917437392,2.092625333,1.102371268,-0.148524151,-0.176932659,-0.937482139,-2.223119919,-1.710653901,-2.563959346,-1.865263244,-5.753047473,-7.095873937,-6.986899578,-10.10630471
411403,-8.767410278,-0.960886657,2.263306618,1.287737489,-0.087571286,-0.247906655,-1.091942072,-2.45059824,-1.910421968,-2.538811684,-1.835858464,-5.918518543,-7.288149357,-7.174951553,-10.47106457
411424,-8.74557782,-0.97204814,2.141030447,1.242178121,-0.123499328,-0.231346451,-1.027134403,-2.323714447,-1.752518764,-2.471247385,-1.75115868,-5.847781418,-7.101431016,-6.885896971,-10.11411521
411423,-8.767410278,-0.960886657,2.263306618,1.287737489,-0.087571286,-0.247906655,-1.091942072,-2.45059824,-1.910421968,-2.538811684,-1.835858464,-5.918518543,-7.288149357,-7.174951553,-10.47106457
411425,-8.734197267,-0.951048866,2.224800231,1.245844968,-0.101328987,-0.231865885,-1.057056842,-2.399247956,-1.865365888,-2.544556862,-1.842580992,-5.881147514,-7.244812313,-7.132655688,-10.38885347
411402,-8.767410278,-0.960886657,2.263306618,1.287737489,-0.087571286,-0.247906655,-1.091942072,-2.45059824,-1.910421968,-2.538811684,-1.835858464,-5.918518543,-7.288149357,-7.174951553,-10.47106457
411422,-8.731804292,-0.95747515,2.365426658,1.398283232,-0.058046686,-0.304325996,-1.173823426,-2.568332372,-1.99854899,-2.537877615,-1.805548559,-5.971718582,-7.337562726,-7.242942467,-10.60222865
411421,-8.749337321,-0.959155038,2.315140911,1.343848517,-0.072585131,-0.276544096,-1.133503572,-2.510357965,-1.955153657,-2.538337567,-1.820473703,-5.945521925,-7.313230693,-7.209462516,-10.53764109
410526,-7.227880001,-0.462002695,3.73358798,1.938599467,0.16093637,-0.782304645,-1.761780858,-3.634657145,-3.292875767,-3.440183163,-2.592934847,-6.01624155,-8.30798912,-9.805096626,-13.22994328
410523,-7.213798172,-0.458476608,3.738052824,1.939946502,0.160418077,-0.78511527,-1.762593102,-3.636041726,-3.295688349,-3.44457907,-2.596738285,-6.011917635,-8.30723071,-9.813182676,-13.23387052
410527,-6.640484002,-0.314918883,3.919830197,1.99478837,0.139316769,-0.899544379,-1.795662022,-3.692412235,-3.410197126,-3.623549861,-2.75158784,-5.83587787,-8.276353488,-10.14239039,-13.3937607
410581,-5.4863886,0.093071037,4.286982859,2.223582607,0.164440592,-1.13965577,-1.914413344,-3.961442243,-3.749770912,-4.077576033,-3.070605416,-5.828484049,-8.219346992,-10.58257817,-13.62463186
410522,-4.801226997,0.160724422,4.499312149,2.179995957,0.078513708,-1.265285681,-1.903935107,-3.888227184,-3.790435852,-4.213889273,-3.257114755,-5.31531747,-8.179588858,-11.17439385,-13.89458417
410202,-8.688914299,-0.953365743,2.488437653,1.531443596,-0.022482164,-0.372287184,-1.272455454,-2.710151672,-2.10470438,-2.536752462,-1.769038081,-6.035801888,-7.397084713,-7.324842453,-10.7602253
410225,-8.702893699,-0.951068862,2.417186742,1.444140815,-0.045014274,-0.329912929,-1.209838518,-2.622436059,-2.044368954,-2.547128447,-1.802956051,-5.99133136,-7.365995826,-7.295288596,-10.67821173
410223,-8.627893752,-0.941750297,2.528070452,1.577994657,-0.013728653,-0.400499464,-1.300913886,-2.751169371,-2.130024976,-2.543387769,-1.751638101,-6.037876108,-7.392182138,-7.335768511,-10.78169999
410221,-8.688914299,-0.953365743,2.488437653,1.531443596,-0.022482164,-0.372287184,-1.272455454,-2.710151672,-2.10470438,-2.536752462,-1.769038081,-6.035801888,-7.397084713,-7.324842453,-10.7602253
410222,-8.688914299,-0.953365743,2.488437653,1.531443596,-0.022482164,-0.372287184,-1.272455454,-2.710151672,-2.10470438,-2.536752462,-1.769038081,-6.035801888,-7.397084713,-7.324842453,-10.7602253
410728,-7.229263818,-0.462468089,3.732408637,1.93821383,0.160762646,-0.781916297,-1.761317394,-3.6337815,-3.291750391,-3.439327479,-2.592154494,-6.016260077,-8.307126358,-9.802747456,-13.22760408
410725,-7.569162475,-0.573455809,3.341897502,1.915626967,0.116545807,-0.703255892,-1.643116063,-3.389886577,-2.900410995,-3.133434989,-2.234622536,-6.071180693,-7.898768825,-8.793486689,-12.24277021
410727,-7.802726721,-0.65533042,3.243681218,1.778403216,0.08877,-0.620982496,-1.569254848,-3.27090871,-2.825387477,-3.084726637,-2.268771099,-6.023937602,-7.949592051,-8.82923591,-12.25822804
410726,-7.220287379,-0.458653467,3.736610913,1.941666238,0.161742766,-0.784345667,-1.763547946,-3.638041263,-3.295868303,-3.443022582,-2.593849291,-6.018102973,-8.307386158,-9.806108596,-13.23104463
410724,-6.70619154,-0.231877536,3.941293478,2.149317026,0.216343746,-0.922543108,-1.883197308,-3.867179632,-3.498492718,-3.635279417,-2.655766249,-6.144139767,-8.266559601,-9.874629021,-13.30561733
410721,-6.721280617,-0.23853357,3.935285899,2.143222328,0.214741168,-0.918486915,-1.879685514,-3.860454258,-3.492545547,-3.629636542,-2.653948942,-6.140440497,-8.267757889,-9.872617898,-13.30342857
410702,-6.745524259,-0.24922783,3.925633515,2.133429969,0.212166305,-0.911969825,-1.87404311,-3.849648591,-3.482990221,-3.620570128,-2.651029073,-6.134496876,-8.269683181,-9.869386623,-13.29991188
410781,-7.016745961,-0.368868079,3.817649071,2.023879577,0.183360449,-0.839060957,-1.810919659,-3.72876199,-3.376091595,-3.51914113,-2.618363524,-6.068003606,-8.29122206,-9.833237282,-13.26056954
410782,-6.70619154,-0.231877536,3.941293478,2.149317026,0.216343746,-0.922543108,-1.883197308,-3.867179632,-3.498492718,-3.635279417,-2.655766249,-6.144139767,-8.266559601,-9.874629021,-13.30561733
410325,-7.80289734,-1.008075871,2.433981874,1.927136024,-0.109092148,-0.648529567,-1.312992594,-2.632095576,-1.674285398,-2.289473402,-1.119783645,-5.538625367,-6.513485814,-6.308728813,-9.501291978
410324,-7.713614129,-1.324952196,1.919589153,1.880206728,-0.301151171,-0.633279295,-1.065615411,-2.096837772,-0.885077478,-1.827447549,-0.502541341,-4.947999595,-5.627365208,-5.069703066,-7.886037305
410926,-7.565439224,-0.650415719,3.487433672,1.711729288,0.077510312,-0.654346406,-1.60142684,-3.334195614,-3.009513378,-3.258223534,-2.498273611,-5.807561874,-8.221288681,-9.595848083,-12.95398617
410928,-7.511595869,-0.620362357,3.526697223,1.747916869,0.090817426,-0.674756754,-1.627004569,-3.382121595,-3.054711912,-3.287247528,-2.513372824,-5.840847927,-8.235118084,-9.629224875,-12.9980035
410927,-6.970916589,-0.531767278,3.6777761,1.761223424,0.043075166,-0.77899934,-1.640476255,-3.358491184,-3.079565021,-3.37461534,-2.585700633,-5.532396602,-8.157164705,-9.913578569,-13.09041152
410922,-7.167219964,-0.540299742,3.640947831,1.783195113,0.077092967,-0.746585461,-1.651192132,-3.414358772,-3.118560263,-3.381243263,-2.592097387,-5.717532239,-8.21374382,-9.829051489,-13.09750105
410902,-7.351858491,-0.531202884,3.643180617,1.855274764,0.130295713,-0.735308242,-1.702886159,-3.524303867,-3.188802649,-3.373353171,-2.558167742,-5.939597841,-8.27614585,-9.728243984,-13.12858996
410923,-5.308759271,-0.130242323,4.28555421,1.992321367,0.00276239,-1.150269078,-1.806658292,-3.593215965,-3.45143235,-3.833596096,-2.955408536,-4.990082092,-8.090857942,-10.91710015,-13.65745778
410883,-7.711042373,-0.741497401,2.951165087,2.039829489,0.060134357,-0.707911119,-1.562465975,-3.151697003,-2.390893439,-2.711889985,-1.628514336,-5.962681358,-7.265151278,-7.495045971,-10.95602803
410882,-6.07411062,-0.007675814,4.072306035,2.325474532,0.236583637,-1.053790842,-1.948225864,-4.00497899,-3.59911628,-3.808980981,-2.671174155,-6.170387964,-8.091968651,-9.769916975,-13.15393756
410825,-7.836482232,-0.727141546,2.988566867,1.945268387,0.067737515,-0.66076915,-1.550060364,-3.161745085,-2.489328781,-2.79009325,-1.801020388,-6.027860522,-7.454681643,-7.791906537,-11.26107105
410823,-7.026664061,-0.359515433,3.701176581,2.078109168,0.179202431,-0.845342254,-1.794538572,-3.685796153,-3.254918106,-3.429438114,-2.465925716,-6.125317347,-8.093068587,-9.392193574,-12.83501269
410821,-6.70619154,-0.231877536,3.941293478,2.149317026,0.216343746,-0.922543108,-1.883197308,-3.867179632,-3.498492718,-3.635279417,-2.655766249,-6.144139767,-8.266559601,-9.874629021,-13.30561733
410822,-6.503163756,-0.159314293,3.986174483,2.205289153,0.223288952,-0.964721997,-1.904862961,-3.913218721,-3.534206122,-3.693390471,-2.664305274,-6.15307107,-8.21505881,-9.850109939,-13.2661719
410802,-6.70619154,-0.231877536,3.941293478,2.149317026,0.216343746,-0.922543108,-1.883197308,-3.867179632,-3.498492718,-3.635279417,-2.655766249,-6.144139767,-8.266559601,-9.874629021,-13.30561733
410102,-8.360957146,-0.890938103,2.70144558,1.781633973,0.024563903,-0.523915112,-1.425406337,-2.930602789,-2.240790844,-2.57241416,-1.675521255,-6.046949863,-7.370735645,-7.383564949,-10.87564182
410184,-8.360957146,-0.890938103,2.70144558,1.781633973,0.024563903,-0.523915112,-1.425406337,-2.930602789,-2.240790844,-2.57241416,-1.675521255,-6.046949863,-7.370735645,-7.383564949,-10.87564182
410122,-8.498563033,-0.917131802,2.612070658,1.676657855,0.004824081,-0.460294315,-1.361230448,-2.838104817,-2.183691011,-2.557451048,-1.714759508,-6.04227234,-7.381791318,-7.358925873,-10.82721478
410183,-8.360957146,-0.890938103,2.70144558,1.781633973,0.024563903,-0.523915112,-1.425406337,-2.930602789,-2.240790844,-2.57241416,-1.675521255,-6.046949863,-7.370735645,-7.383564949,-10.87564182
410185,-8.111544558,-0.844385183,2.782460435,1.891733852,0.035598234,-0.598081399,-1.476796928,-3.006528337,-2.273368838,-2.603439735,-1.622453399,-6.001921921,-7.297277498,-7.366257509,-10.84636419
410622,-7.219451208,-0.458284619,3.736943827,1.942003979,0.161831574,-0.784570443,-1.763742554,-3.638413953,-3.296197869,-3.443335285,-2.593949998,-6.018307971,-8.307319754,-9.806220044,-13.23116592
410602,-6.185248627,-0.200582533,4.064315906,2.038893579,0.122820552,-0.990531283,-1.82223728,-3.737802143,-3.501474084,-3.765772106,-2.874273711,-5.697095419,-8.251789384,-10.4029962,-13.52047771
410621,-7.227880001,-0.462002695,3.73358798,1.938599467,0.16093637,-0.782304645,-1.761780858,-3.634657145,-3.292875767,-3.440183163,-2.592934847,-6.01624155,-8.30798912,-9.805096626,-13.22994328
411224,-7.026686518,-0.947207569,2.518392026,2.150360352,-0.12563477,-0.8003782,-1.360132658,-2.693183405,-1.601481625,-2.31973258,-0.898838834,-5.220382308,-6.134932202,-6.128535152,-9.12973701
621126,-3.292655379,-1.143234345,1.462577881,1.875469874,-0.341211554,-1.01154347,-0.668990999,-1.350781103,-0.599382573,-2.06774646,0.278359558,-2.196948423,-2.563601209,-4.11776351,-5.602342023
620622,-0.19585824,-0.153547198,1.621457696,0.872212708,-0.522526383,-0.915118217,-0.094360597,-0.984045684,-1.599996924,-3.397200823,-2.129181385,-3.100639582,-3.689773083,-5.487989426,-5.652493477
620623,-0.768955594,-0.491466925,1.28831106,0.780012173,-0.484032062,-0.846323976,-0.033246315,-0.717831058,-1.181399585,-2.857301917,-1.392328595,-2.507517355,-3.000345539,-4.620336503,-4.973543192
623021,-3.184377191,-1.288652656,1.191868139,1.720630995,-0.373533093,-0.994941631,-0.528465439,-1.021729967,-0.408607521,-1.859710864,0.501123835,-1.696723665,-1.995567402,-3.655043158,-5.036762722
623022,-3.170266107,-1.300804028,1.164697983,1.696120741,-0.375594037,-0.992131213,-0.511966002,-0.985206578,-0.395015098,-1.840767077,0.515799302,-1.645785484,-1.936729646,-3.606830604,-4.982344817
623025,-2.518747968,-1.385829958,0.817921958,1.573435395,-0.583495487,-1.072620366,-0.271414449,-0.352035802,0.197748838,-0.89429357,1.360114126,-0.117447163,-0.11010786,-2.304289839,-3.274330727
623027,-3.007897854,-1.42865967,0.850479048,1.344035717,-0.381432106,-0.930372996,-0.30062415,-0.572945428,-0.286654684,-1.716184878,0.564237751,-1.196197011,-1.425186474,-3.126606881,-4.43229149
623026,-3.102520807,-1.512266086,0.798813633,1.500764246,-0.424331191,-0.973457574,-0.338337113,-0.528408527,-0.066921882,-1.399034686,0.959643801,-0.851413471,-1.024657476,-2.843729059,-4.114664267
611021,-6.389831463,-0.684628286,2.860516031,2.329928181,-0.036250615,-0.926794851,-1.516738441,-3.021557594,-1.98164488,-2.636805922,-1.100078455,-5.305580408,-6.295964622,-6.636509891,-9.695465066
610331,-4.512229414,-0.845514853,2.283949254,2.335310742,-0.270319753,-1.007981689,-1.158245442,-2.341347823,-1.023916823,-2.288631674,-0.224176414,-3.865893451,-4.468644203,-5.259692854,-7.281405184
632623,-2.548706248,-1.597969312,0.289353748,1.074631381,-0.579855995,-1.015352942,0.01432564,0.341552444,0.482940074,-0.259064418,1.863993458,0.964235423,1.21393006,-1.206295018,-2.259222503
632624,-1.989642697,-1.245079053,0.468461734,1.165467605,-0.646481007,-1.167645446,0.024329459,0.311188784,0.235641118,-0.230350571,1.726591815,1.098200131,1.579028022,-1.30126061,-2.293617874
632621,-2.961030424,-1.904420288,-0.082679644,0.755308143,-0.5349355,-0.882512027,0.159069223,0.691298367,0.80255448,0.103425538,2.233517975,1.397150497,1.601804653,-0.590974718,-1.717050949
632626,-3.104672337,-2.135802513,-0.650338833,0.133279255,-0.560363439,-0.727506321,0.504111838,1.415709223,1.481825703,1.330943716,3.250778636,2.810829195,3.072365222,0.993799022,-0.064509987
632625,-2.100716488,-1.221940626,0.877218342,1.598192386,-0.646579109,-1.158902344,-0.241261495,-0.281972313,0.150270211,-0.770583665,1.399936294,0.188242935,0.355566429,-2.159653076,-3.046223044
632222,-0.407548821,-0.760577881,0.399948941,0.063921457,-0.529051652,-0.519385542,0.42685432,0.200392533,-0.010985071,-0.998283607,0.251028264,-0.679394479,-1.112920167,-2.126219825,-1.736155328
632224,-0.142437499,-0.697534586,0.239960132,-0.111149987,-0.527139986,-0.417681337,0.519546984,0.346167533,0.218655295,-0.472395794,0.630122438,-0.20690035,-0.66782658,-1.487993364,-0.780787443
632223,-1.097726309,-1.034231749,0.38447807,0.205254689,-0.495103664,-0.593026428,0.345393039,0.190278803,0.009360889,-1.156958026,0.342565476,-0.682856709,-1.055371642,-2.207160156,-2.289939714
632522,-3.060571305,-1.924931812,-0.017637315,0.69719291,-0.465876118,-0.791015232,0.140955349,0.509613125,0.661583904,-0.338392803,1.821403879,0.742290846,0.745145784,-1.044099968,-2.146237418
632525,-2.975575012,-1.844471419,0.058571947,0.591153258,-0.421497261,-0.728519362,0.158445825,0.388823667,0.478371501,-0.689550411,1.416656828,0.240109281,0.11994231,-1.416021228,-2.476999316
632521,-2.276636439,-1.630799962,0.01669242,0.23499777,-0.44831229,-0.608239338,0.342754881,0.511309805,0.523057321,-0.589735109,1.246879652,0.194800214,-0.035792281,-1.27593221,-1.913151695
632524,-3.100548623,-2.115238687,-0.38938354,0.249887118,-0.473984878,-0.643225095,0.378340923,0.959465206,1.13698805,0.343205257,2.373846237,1.508906336,1.495256235,-0.065308111,-1.028079129
632723,-3.090951587,-2.084095111,-0.816119492,-0.01061966,-0.583725425,-0.759357993,0.615965347,1.6742661,1.609178701,1.888097867,3.69447066,3.440643398,3.780650337,1.538163337,0.410689359
632726,-3.183648466,-2.283304857,-1.05959061,-0.394983184,-0.554830988,-0.54611981,0.762958343,1.907029051,2.121558087,2.523330663,4.259310087,4.000127839,4.116904219,2.3998106,1.491696203
632324,-3.052250179,-1.698668877,0.44503683,1.24284404,-0.464255022,-0.942237092,-0.155550619,-0.060350332,0.251520545,-0.904676481,1.405003044,-0.032191541,-0.071511509,-2.031919384,-3.240683146
632323,-3.024480355,-1.753574481,0.272857157,0.863448285,-0.41704089,-0.81235341,0.010014349,0.125479593,0.262813023,-0.97863665,1.215192427,-0.111224774,-0.228572319,-1.891561053,-3.052901411
152921,1.203376754,0.377788087,1.881661951,0.922648063,-0.733757894,-0.961313753,-0.008076564,-1.059619786,-2.043626199,-4.102239862,-4.102932764,-3.468896003,-4.655710594,-6.92600491,-5.548953296
150222,0.484467008,0.063225936,1.775039995,1.06416553,-0.428543348,-0.775330227,-0.364705307,-1.21559735,-2.136399013,-3.762357271,-3.722596284,-2.092028432,-4.069098391,-6.261922789,-5.401925239
150927,0.211082041,0.07119882,1.803421809,1.414592644,-0.10402026,-0.712418752,-0.753996869,-1.600488026,-2.324476603,-3.541366066,-3.284253361,-1.195693194,-3.807382602,-6.205818452,-5.652237446
150925,0.891234875,0.570413172,2.535534382,1.694982052,-0.302357435,-1.162023306,-0.796990335,-1.97009778,-2.890912771,-4.570035934,-4.253660679,-2.127022266,-4.842302799,-8.041283607,-7.36242485
150921,0.58545173,0.341667695,2.200836018,1.559667654,-0.218150313,-0.957700268,-0.770024961,-1.79347057,-2.629098023,-4.104268224,-3.818759181,-1.717663562,-4.373863516,-7.202443905,-6.576353304
150125,0.4650312,0.127535759,1.888423117,1.264444073,-0.299674975,-0.804663755,-0.554906925,-1.44870614,-2.333569978,-3.847887408,-3.696163324,-1.820245289,-4.116510061,-6.513024401,-5.80485878
150825,0.330140592,-0.061386549,1.360936893,0.560275594,-0.697181657,-0.623891562,0.084602288,-0.603499185,-1.383325943,-2.896009298,-3.077675507,-2.228451895,-3.368107354,-4.847837408,-3.50687831
150824,0.221391687,-0.127242018,1.431103042,0.716513631,-0.556175013,-0.611686955,-0.110043868,-0.7905732,-1.608861472,-3.09794975,-3.196845265,-1.969615275,-3.483971418,-5.134915347,-4.069570223
141082,-3.044717197,0.879127091,4.687559136,2.451446324,0.112997946,-1.490570376,-1.909448124,-4.175834352,-4.182614924,-5.005197789,-3.792726103,-5.766486388,-7.883182837,-10.99339401,-13.47594395
141031,-2.734288716,0.944002375,4.630673682,2.45090142,0.090333426,-1.50151431,-1.858275732,-4.128783304,-4.148852003,-5.071598204,-3.82407889,-5.761531624,-7.732685929,-10.78698244,-13.20385895
141026,-4.039505912,0.573602216,4.601483012,2.393284426,0.147970871,-1.377142277,-1.95467902,-4.144841037,-4.058652225,-4.642702156,-3.505687324,-5.774800633,-8.072790005,-10.97541489,-13.68942443
141022,-5.377806898,0.188018855,4.144296795,2.454005196,0.228230024,-1.164918363,-1.962781499,-4.064509302,-3.627496897,-3.967164187,-2.67228432,-6.102835323,-7.837643535,-9.585843004,-12.87500477
141081,-5.325626373,0.202411562,4.148799896,2.463617563,0.227412015,-1.173152685,-1.963526964,-4.068282127,-3.62855649,-3.978350401,-2.671426296,-6.097393513,-7.817274094,-9.569583893,-12.85148335
141027,-5.025347634,0.295096101,4.257779762,2.420718793,0.20465172,-1.212586707,-1.950007688,-4.078291743,-3.752353254,-4.165259053,-2.931472088,-6.038257639,-7.92155395,-9.976738253,-13.10483792
141030,-2.447464148,0.999256345,4.572075834,2.447143435,0.067552101,-1.509709085,-1.807474701,-4.0788134,-4.110958647,-5.128071425,-3.848921536,-5.751073135,-7.586810071,-10.58506489,-12.93919046
141032,-2.442814827,1.000151992,4.571125984,2.44708252,0.067182824,-1.509841919,-1.806651235,-4.078003407,-4.11034441,-5.128986835,-3.849324226,-5.750903606,-7.584445477,-10.58179188,-12.93490028
141002,-3.213480174,0.830011008,4.638122919,2.455280486,0.122245491,-1.46507663,-1.911511682,-4.16647741,-4.135004573,-4.925102888,-3.699555761,-5.800592867,-7.866087776,-10.85227763,-13.40065235
141023,-5.157035204,0.252506449,4.187857581,2.462952099,0.21901764,-1.196454007,-1.959375113,-4.076120059,-3.668981094,-4.053920032,-2.753491424,-6.073702933,-7.821170394,-9.6719683,-12.89531793
141025,-3.369269734,0.774054065,4.699067214,2.426161337,0.122075151,-1.463899201,-1.934988079,-4.173416638,-4.164706145,-4.897021506,-3.727167354,-5.724950633,-7.986329694,-11.12021496,-13.65497309
141028,-2.691992078,0.929505356,4.540443222,2.455663658,0.082151097,-1.484851899,-1.825521854,-4.081532022,-4.065361702,-5.023244647,-3.732567595,-5.768413441,-7.59741663,-10.49453714,-12.92955497
141034,-3.006014109,0.891657114,4.68618679,2.454461575,0.111915484,-1.49375093,-1.906402469,-4.176122665,-4.184750557,-5.018097878,-3.800544024,-5.771439552,-7.870882511,-10.97827053,-13.45459461
141033,-2.934373296,0.905458021,4.671550675,2.453522934,0.106225342,-1.495797757,-1.893713782,-4.163641571,-4.175285849,-5.03220332,-3.806749027,-5.768827312,-7.834446773,-10.92783713,-13.38848777
141024,-3.006014109,0.891657114,4.68618679,2.454461575,0.111915484,-1.49375093,-1.906402469,-4.176122665,-4.184750557,-5.018097878,-3.800544024,-5.771439552,-7.870882511,-10.97827053,-13.45459461
141029,-4.303080877,0.460910643,4.265533721,2.494693602,0.172201616,-1.298438194,-1.913849844,-4.062602819,-3.72677986,-4.315798044,-2.950266097,-5.92322637,-7.618053684,-9.736688858,-12.71679684
141021,-5.325626373,0.202411562,4.148799896,2.463617563,0.227412015,-1.173152685,-1.963526964,-4.068282127,-3.62855649,-3.978350401,-2.671426296,-6.097393513,-7.817274094,-9.569583893,-12.85148335
141181,-0.897137665,1.246374238,4.570768055,2.285296961,-0.143392205,-1.686811651,-1.562487994,-3.715354753,-4.150542793,-5.634882948,-4.637757279,-5.074939957,-7.391180485,-11.32307039,-12.67374989
141123,0.782639283,1.25404849,3.887479447,1.987291597,-0.403708613,-1.670417923,-1.048499353,-2.904217107,-3.762814586,-5.837123141,-5.191448278,-4.267396142,-6.600604387,-10.66881327,-10.81871398
141102,-0.792011337,1.26368206,4.561887619,2.276042135,-0.156006859,-1.694949586,-1.543941901,-3.691439704,-4.147713145,-5.665444785,-4.679141727,-5.045213502,-7.366068151,-11.33225079,-12.62864229
141125,-0.481531385,1.299756855,4.410110543,2.215701652,-0.188754167,-1.659317233,-1.432869262,-3.58282459,-4.094208996,-5.748295726,-4.787306484,-5.157923923,-7.243741285,-11.03784168,-12.24716648
141124,0.081339079,1.271955695,4.166867027,2.106153793,-0.286935686,-1.660534977,-1.254541182,-3.269623783,-3.941057747,-5.786520517,-4.975514132,-4.764246626,-6.960353195,-10.87354041,-11.59947713
141127,0.709093511,1.266106129,3.966882944,2.03184557,-0.389797896,-1.698969007,-1.104545712,-2.962428093,-3.792183161,-5.812839985,-5.133261681,-4.177605152,-6.612756252,-10.77075577,-10.95793152
141121,-1.035102939,1.194929383,4.62399989,2.295333437,-0.144298466,-1.703440572,-1.60147059,-3.720198492,-4.13130066,-5.544189506,-4.551773943,-4.922473255,-7.407416648,-11.44759766,-12.79881388
141129,-0.770064039,1.266232126,4.551158757,2.271776769,-0.15832171,-1.692430796,-1.536090366,-3.683761887,-4.143931028,-5.671301377,-4.686787709,-5.053180809,-7.357421074,-11.31143951,-12.60167642
141128,-0.423234865,1.263658028,4.416212817,2.216221598,-0.213714154,-1.696572096,-1.436347067,-3.511608969,-4.060021208,-5.700743377,-4.790457432,-4.826979792,-7.180418833,-11.19741312,-12.21882424
141130,-2.256311374,1.017758574,4.645155586,2.394323782,0.021153944,-1.562383756,-1.784141336,-4.012320293,-4.172589743,-5.237364139,-4.098172208,-5.523834885,-7.700349087,-11.10084642,-13.17700537
141122,-0.909737486,1.231023905,4.592861016,2.285824841,-0.150117255,-1.699367277,-1.572265846,-3.706253502,-4.140682913,-5.607610344,-4.618131229,-4.986315145,-7.386949788,-11.38992529,-12.71307784
141182,-0.803516307,1.261606515,4.566477289,2.277768282,-0.15504747,-1.695916006,-1.547520892,-3.69443802,-4.148632424,-5.66134633,-4.674355245,-5.040407885,-7.369608375,-11.34105993,-12.64043435
141126,-1.260992763,1.179578824,4.475170454,2.30483354,-0.088135099,-1.600183435,-1.580351068,-3.777331934,-4.102817895,-5.504761561,-4.423216375,-5.390278915,-7.386083277,-10.87346688,-12.53009189
140105,-1.093559719,1.145729624,4.628297033,2.295501239,-0.154166607,-1.713929595,-1.614231079,-3.685326391,-4.088435346,-5.45654957,-4.479819278,-4.73793451,-7.367585897,-11.48820321,-12.78981982
140121,-1.23734951,1.136699677,4.674234867,2.310673237,-0.134911269,-1.71001184,-1.64858532,-3.742695332,-4.116164684,-5.441875458,-4.444722652,-4.819479942,-7.440434933,-11.54063797,-12.93712807
140123,0.129092223,1.260615636,4.199177345,2.128675119,-0.301369006,-1.701328238,-1.277525403,-3.238823191,-3.922639915,-5.741505502,-4.944207772,-4.473029881,-6.891218793,-10.99335282,-11.59721702
140181,-0.736775545,1.185245146,4.519715389,2.260110005,-0.195294459,-1.719110377,-1.529441457,-3.564847014,-4.039975967,-5.523653348,-4.588582623,-4.617404356,-7.21292439,-11.35084876,-12.45019077
140122,0.367087845,1.237457766,4.161650657,2.141380829,-0.349766469,-1.753726991,-1.26525333,-3.102560375,-3.806754772,-5.605612347,-4.836338339,-3.909578503,-6.627569754,-10.95555967,-11.29343097
140926,0.5400643,1.250771401,4.07716433,2.098025637,-0.370959002,-1.73653965,-1.196926317,-3.032288972,-3.790958787,-5.682163089,-4.951511346,-3.969379651,-6.594092474,-10.87194474,-11.12130589
140930,1.213973464,0.975188297,3.210721681,1.7894079,-0.465015398,-1.495592146,-0.793692026,-2.315912536,-3.341740056,-5.465483249,-5.05579045,-3.361797344,-5.825406804,-9.59376152,-9.101900741
140927,1.143946082,1.000960253,3.302887095,1.866063529,-0.440030281,-1.53057327,-0.877194342,-2.396438701,-3.364270134,-5.387121404,-4.922555022,-3.179299582,-5.791430208,-9.664958045,-9.217864884
140929,0.709093511,1.266106129,3.966882944,2.03184557,-0.389797896,-1.698969007,-1.104545712,-2.962428093,-3.792183161,-5.812839985,-5.133261681,-4.177605152,-6.612756252,-10.77075577,-10.95793152
140931,0.8137926,1.208476378,3.812811626,1.98074787,-0.405659014,-1.656889565,-1.039124429,-2.831559191,-3.701999608,-5.747473184,-5.123380515,-4.026999812,-6.458608472,-10.53286527,-10.58471354
140928,0.991283089,1.10207887,3.542438546,1.896151711,-0.431919025,-1.584910664,-0.930654187,-2.599220358,-3.538496195,-5.615569301,-5.087333502,-3.71554049,-6.169116516,-10.10920009,-9.914756489
140932,1.242395103,0.958746825,3.168136293,1.776248696,-0.469083363,-1.4842443,-0.776649382,-2.279542162,-3.316071504,-5.444741838,-5.050015469,-3.313016241,-5.779742758,-9.5267372,-8.996246026
140925,0.508895454,1.245773378,4.09484051,2.110650982,-0.367364419,-1.74304943,-1.214397988,-3.042504133,-3.787485706,-5.651817382,-4.912148265,-3.918029226,-6.583531653,-10.88410994,-11.14131534
140729,-3.013961877,0.888647157,4.686414475,2.453398259,0.11187629,-1.493124109,-1.90679088,-4.175428853,-4.184111453,-5.015334111,-3.799486295,-5.769135302,-7.873662166,-10.98293294,-13.45948812
140702,-1.280765339,1.1191923,4.676949347,2.309887419,-0.134871601,-1.708454317,-1.654676706,-3.739590559,-4.104389298,-5.411759143,-4.415849731,-4.792816054,-7.440877451,-11.54421372,-12.94956114
140781,-1.888246733,1.044321825,4.653909303,2.347594647,-0.045038828,-1.616854942,-1.726461239,-3.891195544,-4.144631133,-5.306685005,-4.243529674,-5.220437165,-7.615808927,-11.31841059,-13.10971434
140727,-1.23734951,1.136699677,4.674234867,2.310673237,-0.134911269,-1.71001184,-1.64858532,-3.742695332,-4.116164684,-5.441875458,-4.444722652,-4.819479942,-7.440434933,-11.54063797,-12.93712807
140723,-1.719961405,0.942087054,4.704409122,2.301938057,-0.134470314,-1.692698359,-1.716297388,-3.708182573,-3.98526907,-5.10710144,-4.123770237,-4.52308321,-7.445353985,-11.58038616,-13.07533455
140725,-1.382663451,1.02125794,4.645010591,2.292902312,-0.156743877,-1.706812301,-1.658469169,-3.654360688,-3.993034534,-5.224941083,-4.256714169,-4.502086857,-7.345745373,-11.50174105,-12.84898667
140726,-1.238635411,1.136181139,4.674315265,2.310649962,-0.134910094,-1.709965709,-1.648765736,-3.742603374,-4.115815918,-5.440983465,-4.443867487,-4.818690205,-7.440448039,-11.54074388,-12.93749631
140724,-1.719961405,0.942087054,4.704409122,2.301938057,-0.134470314,-1.692698359,-1.716297388,-3.708182573,-3.98526907,-5.10710144,-4.123770237,-4.52308321,-7.445353985,-11.58038616,-13.07533455
140728,-1.411441117,1.105295995,4.674258831,2.317281215,-0.11497169,-1.689023641,-1.669849207,-3.774697886,-4.119615418,-5.398468444,-4.390785429,-4.892307343,-7.487195396,-11.51100197,-12.99634652
140502,-6.163820575,-0.03803118,4.061189156,2.298841666,0.234897257,-1.035220318,-1.941075205,-3.990169031,-3.593897952,-3.790518014,-2.678577509,-6.167998963,-8.128979744,-9.809128438,-13.2002423
140522,-6.05046463,0.002482856,4.086247444,2.33009243,0.238774955,-1.058769941,-1.95317173,-4.015873909,-3.613837719,-3.822962999,-2.683345079,-6.172985554,-8.100225449,-9.795438766,-13.17821884
140521,-5.955556695,0.02929672,4.107648737,2.335696395,0.234995214,-1.073786818,-1.953475133,-4.022100762,-3.631384015,-3.858334888,-2.714857184,-6.155801124,-8.092466763,-9.835713843,-13.1902492
140581,-6.205243801,-0.052836068,4.052032202,2.28742182,0.233480245,-1.026614671,-1.936654819,-3.980775796,-3.58661144,-3.778661768,-2.676835314,-6.166176733,-8.139487315,-9.814131002,-13.20829025
140524,-6.70619154,-0.231877536,3.941293478,2.149317026,0.216343746,-0.922543108,-1.883197308,-3.867179632,-3.498492718,-3.635279417,-2.655766249,-6.144139767,-8.266559601,-9.874629021,-13.30561733
140602,1.120490074,1.01687026,3.347307205,1.926463366,-0.419711858,-1.552307248,-0.937371016,-2.440239191,-3.366402626,-5.305800915,-4.803412914,-2.974034309,-5.718188286,-9.667038918,-9.224539757
140623,0.982359371,0.747871208,2.858198339,1.786991386,-0.349003543,-1.317153605,-0.852788934,-2.156969875,-3.079910769,-4.862488248,-4.472176533,-2.46369313,-5.190450297,-8.68748982,-8.102579419
140603,1.132604588,1.011094148,3.329501799,1.911535534,-0.424618233,-1.54554338,-0.921399037,-2.424269658,-3.361400888,-5.319608399,-4.827919451,-3.0077212,-5.724305363,-9.653096202,-9.20185269
140822,-4.608909092,0.333525356,4.114363471,2.533495935,0.186010226,-1.250766343,-1.911588554,-4.015669106,-3.538528143,-4.078524678,-2.614311052,-5.92362624,-7.433385408,-9.212867248,-12.34155232
140802,-5.578621439,-0.068009071,3.705358634,2.436821175,0.138596851,-1.100538202,-1.808861081,-3.717237006,-3.067540481,-3.541555765,-2.127506047,-5.829570637,-7.245545289,-8.488949637,-11.70070807
140821,-4.631557522,0.3201459,4.097234953,2.53145316,0.183191711,-1.246599054,-1.906421829,-4.002569547,-3.517368903,-4.058929498,-2.592910765,-5.915444436,-7.416909587,-9.175748373,-12.30417036
140826,-5.325626373,0.202411562,4.148799896,2.463617563,0.227412015,-1.173152685,-1.963526964,-4.068282127,-3.62855649,-3.978350401,-2.671426296,-6.097393513,-7.817274094,-9.569583893,-12.85148335
140829,-7.027288038,-0.652209595,3.016186016,2.242591833,0.048298381,-0.849941701,-1.604155852,-3.20469915,-2.321760137,-2.745212655,-1.431902595,-5.733545408,-6.908402489,-7.229723759,-10.57144169
140827,-5.442056594,0.169552936,4.136803058,2.442351778,0.228831525,-1.154671735,-1.961200635,-4.058403901,-3.623687806,-3.951686602,-2.670852886,-6.108496948,-7.859621513,-9.600171633,-12.89793769
140881,-6.218345126,-0.506422185,3.115752091,2.386348381,0.035236759,-0.975205001,-1.62611683,-3.261913247,-2.322926379,-2.883186197,-1.371993225,-5.506265199,-6.60581932,-7.155750593,-10.32698832
140882,-4.604228973,0.334381521,4.114138603,2.533952236,0.185739875,-1.251273155,-1.911249399,-4.015325546,-3.537940264,-4.07917881,-2.613938093,-5.92249155,-7.430878639,-9.21053791,-12.3382225
140828,-5.460204937,0.136712615,4.062340142,2.445825083,0.213942251,-1.147778448,-1.936145726,-4.00248946,-3.529652779,-3.884064185,-2.578102052,-6.071535841,-7.750658146,-9.392974437,-12.68063361
140825,-5.325626373,0.202411562,4.148799896,2.463617563,0.227412015,-1.173152685,-1.963526964,-4.068282127,-3.62855649,-3.978350401,-2.671426296,-6.097393513,-7.817274094,-9.569583893,-12.85148335
140830,-6.341597557,-0.570625186,3.039516211,2.375077486,0.023744479,-0.954124689,-1.604344368,-3.204383373,-2.230149031,-2.791861296,-1.277159452,-5.474482536,-6.542818546,-6.998848915,-10.17341232
140824,-4.875996787,0.284665252,4.127196349,2.507455467,0.201438776,-1.221843288,-1.93094362,-4.035275569,-3.572077583,-4.041194315,-2.635595287,-5.988381341,-7.576443134,-9.345799199,-12.53158025
140823,-5.325626373,0.202411562,4.148799896,2.463617563,0.227412015,-1.173152685,-1.963526964,-4.068282127,-3.62855649,-3.978350401,-2.671426296,-6.097393513,-7.817274094,-9.569583893,-12.85148335
140431,-3.612428961,0.693817886,4.707923853,2.405915972,0.127963691,-1.44424457,-1.953574612,-4.169540988,-4.15052053,-4.815208297,-3.679375993,-5.688385147,-8.064217273,-11.22102476,-13.79122187
140428,-3.623457909,0.691761315,4.708080292,2.406358242,0.12918438,-1.443010449,-1.954990864,-4.171523094,-4.150680065,-4.812298298,-3.67582202,-5.692420006,-8.067113876,-11.2195406,-13.79518795
419001,-6.303841547,-0.111036324,3.913052501,2.285803068,0.211517331,-1.005234642,-1.893556442,-3.884014693,-3.427236488,-3.653431488,-2.522395216,-6.140896584,-7.972806832,-9.444436571,-12.83914899
410328,-7.120312691,-0.673723519,2.995806932,2.226344109,0.047784589,-0.834771931,-1.598381639,-3.190897226,-2.30961585,-2.720986843,-1.426891208,-5.752565861,-6.928910255,-7.214390278,-10.57309914
410322,-7.818680763,-0.789722085,2.877589226,2.02101469,0.048554901,-0.685168505,-1.537140489,-3.09568119,-2.311622381,-2.639870405,-1.560140371,-5.949049473,-7.2110219,-7.345934868,-10.81198597
410311,-7.818680763,-0.789722085,2.877589226,2.02101469,0.048554901,-0.685168505,-1.537140489,-3.09568119,-2.311622381,-2.639870405,-1.560140371,-5.949049473,-7.2110219,-7.345934868,-10.81198597
410327,-7.524283312,-0.740822825,2.927423966,2.107571421,0.048230176,-0.748233913,-1.56295673,-3.135819564,-2.310776527,-2.674065085,-1.503969112,-5.866221696,-7.092097579,-7.290482172,-10.71128309
410329,-7.818680763,-0.789722085,2.877589226,2.02101469,0.048554901,-0.685168505,-1.537140489,-3.09568119,-2.311622381,-2.639870405,-1.560140371,-5.949049473,-7.2110219,-7.345934868,-10.81198597
410381,-7.818680763,-0.789722085,2.877589226,2.02101469,0.048554901,-0.685168505,-1.537140489,-3.09568119,-2.311622381,-2.639870405,-1.560140371,-5.949049473,-7.2110219,-7.345934868,-10.81198597
410323,-7.628221928,-0.719062336,2.977685613,2.059764211,0.062719661,-0.724912467,-1.572733046,-3.172300425,-2.410302885,-2.737155132,-1.636409383,-5.952154337,-7.255619662,-7.519235521,-10.97045242
410181,-8.086930665,-0.839790994,2.790455585,1.902599329,0.036687184,-0.605400681,-1.481868535,-3.014021236,-2.276583878,-2.60650157,-1.617216268,-5.997478228,-7.2900281,-7.364549482,-10.84347485
410182,-8.360957146,-0.890938103,2.70144558,1.781633973,0.024563903,-0.523915112,-1.425406337,-2.930602789,-2.240790844,-2.57241416,-1.675521255,-6.046949863,-7.370735645,-7.383564949,-10.87564182
411221,-6.961066085,-0.589827385,3.107156424,2.244306014,0.065657002,-0.864306649,-1.632994006,-3.275486225,-2.440746795,-2.843723837,-1.554218842,-5.792210999,-7.024914883,-7.45204828,-10.80606096
411281,-7.140345009,-0.677050876,2.99241592,2.220454343,0.047806685,-0.830480636,-1.596624969,-3.188166005,-2.309673407,-2.718660061,-1.430713389,-5.758201889,-6.937002479,-7.218163565,-10.57995148
411222,-7.120312691,-0.673723519,2.995806932,2.226344109,0.047784589,-0.834771931,-1.598381639,-3.190897226,-2.30961585,-2.720986843,-1.426891208,-5.752565861,-6.928910255,-7.214390278,-10.57309914
411282,-6.477682693,-0.588642237,3.031877752,2.349085437,0.027945632,-0.933267079,-1.603302345,-3.202026588,-2.244036334,-2.77947556,-1.303325974,-5.523079264,-6.610290386,-7.03651606,-10.24325999
411202,-7.120312691,-0.673723519,2.995806932,2.226344109,0.047784589,-0.834771931,-1.598381639,-3.190897226,-2.30961585,-2.720986843,-1.426891208,-5.752565861,-6.928910255,-7.214390278,-10.57309914
620102,-1.903935363,-0.760394216,1.407668432,1.12316595,-0.36477013,-0.923160814,-0.286661017,-1.000323558,-1.212319215,-2.92194096,-1.053937571,-2.570423671,-3.012001433,-4.652802337,-5.734672551
620121,-1.712159435,-0.721843753,1.377468328,1.031417754,-0.381277856,-0.905952726,-0.229400958,-0.932280255,-1.218567596,-2.935924153,-1.137722114,-2.55700566,-3.005584372,-4.636697366,-5.618198547
620122,-1.648333133,-0.574117949,1.608897845,1.151305086,-0.367326953,-0.953511244,-0.328097828,-1.166650064,-1.460793944,-3.219806853,-1.442229357,-2.901852081,-3.397244144,-5.101613947,-6.155250851
620123,-2.184922368,-0.560314089,1.88847315,1.495283865,-0.299015489,-1.024951299,-0.578028547,-1.564338023,-1.590948688,-3.302043077,-1.353236282,-3.18124678,-3.70375554,-5.434611651,-6.842533464
620503,-3.705545914,-0.76610543,2.174364676,2.203529696,-0.234461668,-1.051708456,-1.039202875,-2.173455917,-1.162612896,-2.541159536,-0.322469538,-3.451812073,-3.994377357,-5.250937878,-7.138562422
620521,-3.765105736,-0.731630441,2.244199367,2.23331708,-0.222318456,-1.055880967,-1.077345376,-2.252314684,-1.221188322,-2.578290416,-0.378172855,-3.57016558,-4.131209735,-5.355583314,-7.294861129
620522,-3.277997231,-0.697529602,2.131605232,2.051023824,-0.240632387,-1.061912753,-0.938298415,-2.050935077,-1.308476353,-2.787526565,-0.590112105,-3.355907803,-3.888688241,-5.342510427,-7.134539048
620523,-3.520178714,-0.850272366,1.990527423,2.115147967,-0.266305503,-1.041663369,-0.933088863,-1.960357624,-1.021920363,-2.463203801,-0.198132573,-3.138520289,-3.632578117,-4.986904349,-6.734022188
620524,-3.381633119,-1.025345128,1.676785271,1.980954767,-0.312290889,-1.023187124,-0.777031657,-1.603921628,-0.764662593,-2.234692077,0.086668358,-2.590825372,-3.010573455,-4.479719973,-6.060311261
620525,-3.363429478,-0.407231919,2.600163087,2.198244794,-0.166993763,-1.114053934,-1.149781317,-2.527055372,-1.77600842,-3.15384661,-1.077620619,-4.022154165,-4.682537286,-6.113762881,-8.171572994
620502,-3.540439844,-0.861673713,1.980775595,2.120955944,-0.268123925,-1.040141821,-0.933467865,-1.954851151,-1.000235677,-2.438228846,-0.168054104,-3.123723745,-3.615063667,-4.960849762,-6.705286026
621102,-2.752214735,-0.731063638,1.851682099,1.660288012,-0.254027628,-1.025531699,-0.68132755,-1.63987799,-1.417024877,-3.049803129,-0.911484758,-3.058205746,-3.540257642,-5.176697541,-6.812448435
621121,-2.812126873,-0.490708989,2.266412865,1.877044074,-0.208675327,-1.084002274,-0.888091029,-2.085023832,-1.731427824,-3.29886133,-1.205485253,-3.58306026,-4.157698063,-5.8010542,-7.61734588
621122,-2.930759654,-0.832692903,1.774859713,1.742352272,-0.273090172,-1.023227686,-0.697240331,-1.601033717,-1.208138622,-2.795737677,-0.596808849,-2.877402535,-3.334668401,-4.93157297,-6.543433923
621123,-2.86506234,-0.867852367,1.683283944,1.645568069,-0.27590808,-1.007694518,-0.6342588,-1.483525469,-1.189783993,-2.792240217,-0.607231069,-2.765760972,-3.206888659,-4.820116892,-6.402770271
621124,-2.812837331,-0.980630671,1.467194008,1.481421616,-0.288680868,-0.972031697,-0.51344796,-1.233648656,-1.065814816,-2.683268641,-0.504302377,-2.483666141,-2.884471361,-4.499735578,-6.011960336
621125,-3.334776364,-1.07413697,1.586253831,1.939130582,-0.325402247,-1.018143633,-0.730485188,-1.499299431,-0.694520193,-2.173627821,0.162760159,-2.431772207,-2.830148972,-4.335997032,-5.868164618
620802,-2.871378025,-0.067701825,2.954221284,2.148613926,-0.113489799,-1.180810409,-1.20969912,-2.783060837,-2.350266508,-3.754493025,-1.800668177,-4.420046559,-5.184344219,-6.889931863,-9.041405161
620821,-3.065214872,0.153772965,3.361217976,2.31815362,-0.041340593,-1.237625241,-1.424124956,-3.202615976,-2.713823318,-3.94152236,-2.088282108,-4.88462925,-5.797745705,-7.535165787,-9.936359406
620822,-3.358574855,-0.018172888,3.187520966,2.335488935,-0.065190094,-1.198595324,-1.395912259,-3.081398624,-2.443544468,-3.655698395,-1.754549199,-4.73494454,-5.595205091,-7.156498785,-9.536470163
620823,-2.953129747,0.025706346,3.125874304,2.220118194,-0.083060487,-1.204772367,-1.300134357,-2.96001045,-2.503598527,-3.833373642,-1.921970883,-4.615986781,-5.44304956,-7.162062704,-9.418856876
620824,-2.851152897,-0.090810724,2.911754847,2.130923986,-0.121017918,-1.174882293,-1.187325716,-2.739284039,-2.31233263,-3.734978199,-1.770658255,-4.371571541,-5.120341301,-6.822607517,-8.94802475
620825,-2.81791198,-0.210569416,2.710427057,2.044463273,-0.148759832,-1.146228099,-1.089252776,-2.532425679,-2.141405457,-3.618921215,-1.615336963,-4.133662538,-4.826535698,-6.514534946,-8.539303427
620826,-2.766953627,-0.394159595,2.401791384,1.911918925,-0.191288209,-1.102301196,-0.938906876,-2.215311638,-1.879373954,-3.44100576,-1.377229291,-3.768947833,-4.376131457,-6.042259431,-7.91273329
621002,-3.065214872,0.153772965,3.361217976,2.31815362,-0.041340593,-1.237625241,-1.424124956,-3.202615976,-2.713823318,-3.94152236,-2.088282108,-4.88462925,-5.797745705,-7.535165787,-9.936359406
621021,-2.047518247,0.503245387,3.560195724,2.178723152,-0.110100791,-1.317660167,-1.325085581,-3.202933639,-3.104464345,-4.535815651,-2.940959202,-5.033997278,-6.089505307,-8.285903333,-10.32448434
621022,-1.28269201,0.597940971,3.433466974,1.972397381,-0.20413227,-1.321556331,-1.123373488,-2.943290858,-3.141834698,-4.791707141,-3.352403619,-4.919809273,-5.974615186,-8.375739431,-10.01324957
621023,-1.54778847,0.79641482,3.855203862,2.175459292,-0.114192961,-1.399179694,-1.365931578,-3.380607258,-3.487676313,-4.961214994,-3.545644854,-5.260901633,-6.497431349,-9.050061127,-10.97064395
621024,-2.487897065,0.596054097,3.856368537,2.343600064,-0.025391691,-1.355901749,-1.532181091,-3.542192179,-3.336215326,-4.556511944,-2.990417137,-5.325494978,-6.532269548,-8.746965244,-11.0631713
621025,-3.427570236,0.311441056,3.714406941,2.454523615,0.040699362,-1.277985927,-1.629322783,-3.572875085,-3.059521597,-4.063702577,-2.326761348,-5.305138117,-6.400502352,-8.16595304,-10.83599607
621026,-3.298358982,0.255218646,3.588464306,2.405895832,0.011444971,-1.263593827,-1.556151882,-3.440845457,-2.936250045,-4.020134686,-2.241722724,-5.155190072,-6.185567097,-7.941022432,-10.51519722
621027,-2.803594271,0.175439363,3.305504968,2.245427137,-0.07344232,-1.239450897,-1.350785325,-3.101690296,-2.711666623,-4.02306841,-2.204173012,-4.812817931,-5.718846388,-7.538171413,-9.803739947
620402,-1.541976933,-0.313770768,2.015897032,1.351041564,-0.340716364,-1.034821262,-0.501000535,-1.572960686,-1.86183897,-3.662035245,-1.933146341,-3.451022432,-4.036614171,-5.87083132,-7.05290104
620421,-1.233878385,-0.123884207,2.201386028,1.38956162,-0.357051343,-1.07030971,-0.535849218,-1.716317643,-2.065507088,-3.889283459,-2.285556566,-3.706389475,-4.360818989,-6.295644949,-7.375613751
620422,-2.114656738,-0.272673977,2.33433554,1.690125362,-0.257599387,-1.096755172,-0.772309931,-2.014110056,-1.990439889,-3.675884458,-1.800157538,-3.747965482,-4.379125218,-6.188687718,-7.752385402
620423,-0.58657396,-0.137669198,1.863595868,1.08953348,-0.462396013,-0.989929381,-0.269810056,-1.278962794,-1.815054918,-3.659332301,-2.268559526,-3.369908037,-3.994487108,-5.888714267,-6.411481682
622901,-2.830942392,-1.088270307,1.297907233,1.399879336,-0.304677963,-0.948398173,-0.437706798,-1.053024769,-0.913327634,-2.525188923,-0.331178695,-2.231683016,-2.597221613,-4.204618931,-5.658802509
622921,-2.860130826,-1.206868441,1.11240066,1.298668732,-0.321118004,-0.920698474,-0.354232122,-0.84688261,-0.726995027,-2.301179973,-0.103916917,-1.907158991,-2.234449653,-3.835439073,-5.234368678
622922,-2.875512615,-1.113539709,1.284535075,1.440328022,-0.313361003,-0.954267579,-0.449152001,-1.049078309,-0.849679436,-2.441268195,-0.226220412,-2.164221471,-2.521349451,-4.135314168,-5.580359605
622923,-2.233775153,-0.891753012,1.343883448,1.206676342,-0.34587201,-0.928249542,-0.328416812,-0.99086373,-1.08187911,-2.752003778,-0.768957686,-2.407301939,-2.816962657,-4.445068819,-5.650293898
622924,-2.830942392,-1.088270307,1.297907233,1.399879336,-0.304677963,-0.948398173,-0.437706798,-1.053024769,-0.913327634,-2.525188923,-0.331178695,-2.231683016,-2.597221613,-4.204618931,-5.658802509
622925,-2.834685831,-1.103480608,1.274115873,1.386898999,-0.306786411,-0.944845665,-0.427001107,-1.026586879,-0.889430334,-2.496459603,-0.302032197,-2.19006256,-2.55069583,-4.15727133,-5.604368544
622926,-2.830942392,-1.088270307,1.297907233,1.399879336,-0.304677963,-0.948398173,-0.437706798,-1.053024769,-0.913327634,-2.525188923,-0.331178695,-2.231683016,-2.597221613,-4.204618931,-5.658802509
622927,-2.898183729,-1.361484591,0.87055611,1.166720669,-0.342550852,-0.884586431,-0.245406353,-0.57813549,-0.484073578,-2.009139952,0.19236381,-1.484077669,-1.761504572,-3.35414003,-4.68103514
610431,-4.861746311,-0.499830365,2.863199234,2.454517841,-0.076318227,-1.070298672,-1.452684641,-2.958623409,-1.856666565,-2.820754766,-0.919528246,-4.726837158,-5.542238235,-6.366264343,-8.994438171
610428,-3.06584673,0.153402617,3.360843856,2.318190958,-0.041391962,-1.237541176,-1.42406419,-3.202354891,-2.713241175,-3.940906734,-2.087563293,-4.884306849,-5.79730946,-7.53435019,-9.935498099
610429,-3.478849224,0.287805777,3.692389416,2.456543452,0.038168584,-1.271935204,-1.626707718,-3.558695959,-3.026136021,-4.025722605,-2.285244915,-5.292854201,-6.38195573,-8.117684323,-10.79036943
610402,-4.861746311,-0.499830365,2.863199234,2.454517841,-0.076318227,-1.070298672,-1.452684641,-2.958623409,-1.856666565,-2.820754766,-0.919528246,-4.726837158,-5.542238235,-6.366264343,-8.994438171
610403,-4.776510171,-0.508693823,2.83035048,2.445032708,-0.085748146,-1.071080005,-1.431229249,-2.92044722,-1.817662376,-2.811071236,-0.887620903,-4.658560488,-5.456037359,-6.306906269,-8.888675067
610430,-4.79295718,-0.460651162,2.90444545,2.454618601,-0.070623336,-1.080328631,-1.461341031,-2.98847268,-1.914839215,-2.880693204,-0.987462776,-4.754992414,-5.58400811,-6.453384824,-9.083772767
610424,-4.861746311,-0.499830365,2.863199234,2.454517841,-0.076318227,-1.070298672,-1.452684641,-2.958623409,-1.856666565,-2.820754766,-0.919528246,-4.726837158,-5.542238235,-6.366264343,-8.994438171
610427,-3.887258164,-0.061628955,3.272133609,2.427352218,-0.030082393,-1.186385305,-1.504268516,-3.222477617,-2.460932386,-3.510263717,-1.662321573,-4.92592265,-5.859425331,-7.256562986,-9.819796747
610423,-4.861746311,-0.499830365,2.863199234,2.454517841,-0.076318227,-1.070298672,-1.452684641,-2.958623409,-1.856666565,-2.820754766,-0.919528246,-4.726837158,-5.542238235,-6.366264343,-8.994438171
610425,-4.861746311,-0.499830365,2.863199234,2.454517841,-0.076318227,-1.070298672,-1.452684641,-2.958623409,-1.856666565,-2.820754766,-0.919528246,-4.726837158,-5.542238235,-6.366264343,-8.994438171
610422,-5.144462248,-0.502439916,2.917081964,2.453594482,-0.053466695,-1.055167409,-1.493654387,-3.026763058,-1.944702093,-2.824591323,-0.995885134,-4.889062039,-5.756316104,-6.505597462,-9.252992319
610426,-4.837898369,-0.502310243,2.854008588,2.451864027,-0.078956593,-1.070517278,-1.446681707,-2.947942218,-1.84575371,-2.818045443,-0.910600994,-4.707734251,-5.518120373,-6.349656741,-8.964847057
610481,-4.861746311,-0.499830365,2.863199234,2.454517841,-0.076318227,-1.070298672,-1.452684641,-2.958623409,-1.856666565,-2.820754766,-0.919528246,-4.726837158,-5.542238235,-6.366264343,-8.994438171
610324,-4.338264389,-0.554265723,2.661457002,2.396264428,-0.134232539,-1.075097268,-1.3209153,-2.724162479,-1.61712043,-2.761282888,-0.723567739,-4.307512649,-5.012831338,-6.001713828,-8.344888893
610326,-4.320845806,-0.584392572,2.614051884,2.386974615,-0.150378142,-1.069259446,-1.297632329,-2.67418761,-1.547563595,-2.714230503,-0.665374199,-4.240380404,-4.92929891,-5.910572904,-8.206170034
610329,-4.296423629,-0.558616622,2.645332189,2.391608361,-0.138861502,-1.075480809,-1.310383266,-2.705422532,-1.597974034,-2.756529432,-0.707905046,-4.273996962,-4.970517008,-5.972576107,-8.292971846
610302,-4.196686256,-0.584642595,2.580715847,2.36715035,-0.15327628,-1.07282982,-1.271890254,-2.632292019,-1.534357635,-2.73008322,-0.653712346,-4.158150522,-4.830608167,-5.87132642,-8.12444827
610322,-4.283014774,-0.56001097,2.640164614,2.390116215,-0.140344962,-1.075603724,-1.307008028,-2.699416876,-1.591838121,-2.755006075,-0.702885568,-4.263256073,-4.956956387,-5.963238239,-8.276333809
610323,-4.283014774,-0.56001097,2.640164614,2.390116215,-0.140344962,-1.075603724,-1.307008028,-2.699416876,-1.591838121,-2.755006075,-0.702885568,-4.263256073,-4.956956387,-5.963238239,-8.276333809
610327,-3.689826686,-0.556435436,2.479867973,2.257805341,-0.183181769,-1.085521471,-1.157597329,-2.466060957,-1.525131419,-2.855967085,-0.732949721,-3.903664224,-4.532003252,-5.8008591,-7.860159402
610328,-4.27063315,-0.563543748,2.631638204,2.386822347,-0.14219963,-1.075205878,-1.301971279,-2.689789527,-1.583594011,-2.751431527,-0.695832923,-4.248181362,-4.938834957,-5.950055833,-8.254549702
610304,-4.015799985,-0.636253848,2.456151382,2.319029408,-0.180371587,-1.06701759,-1.198307117,-2.491643651,-1.413917355,-2.677861747,-0.550678483,-3.93792027,-4.56586763,-5.67874132,-7.806198757
610622,-2.060532256,1.03176298,4.470217285,2.392222006,0.014656986,-1.515093194,-1.707804553,-3.945953343,-4.044749558,-5.202075392,-3.947973275,-5.655228042,-7.420602984,-10.43997067,-12.60895262
610623,-0.152388407,1.262566687,4.142344544,2.100124541,-0.246944323,-1.588530417,-1.259962801,-3.361786615,-3.933653968,-5.740352407,-4.815590441,-5.212312212,-7.00027339,-10.51505049,-11.59480227
610628,-2.70672733,0.663176458,4.037253599,2.40330011,0.019742534,-1.377935669,-1.63817588,-3.722503702,-3.518136,-4.618517242,-3.113905574,-5.507206126,-6.846333097,-9.132097452,-11.57011347
610632,-3.628650351,0.336745353,3.814347509,2.484682032,0.071480823,-1.281357079,-1.694627343,-3.680874377,-3.169979688,-4.082418251,-2.395038294,-5.44123351,-6.614529533,-8.386456836,-11.15341336
610627,-1.91460794,0.981753041,4.300740102,2.358083633,-0.01302911,-1.479983408,-1.623959714,-3.818475554,-3.879680855,-5.122322093,-3.782328707,-5.589681866,-7.125559369,-9.929150079,-12.09569395
610630,-3.027367103,0.794374155,4.391103396,2.46200168,0.091953491,-1.426175482,-1.812251031,-4.021827392,-3.900569313,-4.805836468,-3.459557214,-5.782182559,-7.469065411,-10.06065495,-12.62586322
610626,-0.785946128,0.951244482,3.825367166,2.061502354,-0.21074284,-1.442207371,-1.220264224,-3.220285151,-3.574438735,-5.255886589,-4.085525696,-5.206540577,-6.573873337,-9.429983365,-10.87431023
610602,-1.969672501,1.006218047,4.365696069,2.379713212,5.85E-04,-1.492524531,-1.659793754,-3.876943653,-3.939869517,-5.148661389,-3.82775033,-5.629641584,-7.22577551,-10.08361177,-12.27312027
610631,-4.168657891,0.370659758,4.033873391,2.530112819,0.143628967,-1.276482495,-1.839459417,-3.915190902,-3.429775349,-4.116787811,-2.5683723,-5.758363929,-7.142776872,-8.943232183,-11.93122089
610621,-2.310267365,1.000679326,4.510732107,2.428320107,0.048485428,-1.504175092,-1.76468717,-4.02038781,-4.059318874,-5.131897026,-3.837875951,-5.716679665,-7.478154359,-10.4304135,-12.74012115
610624,-1.213557179,1.096755557,4.241842401,2.254628415,-0.105694246,-1.523090495,-1.480137061,-3.639998573,-3.908547287,-5.372416335,-4.205496023,-5.449491632,-7.090630281,-10.18026527,-11.91188467
610629,-3.81729474,0.41884657,3.999447252,2.521103152,0.1125074,-1.30022459,-1.788833564,-3.853633367,-3.386739321,-4.182491848,-2.594389574,-5.656093594,-6.974730324,-8.83069223,-11.70236749
610625,-1.508942097,0.917496614,4.037374768,2.236171021,-0.093760197,-1.443725932,-1.442832839,-3.537161797,-3.666454585,-5.09826565,-3.755597997,-5.395312007,-6.7588147,-9.461128828,-11.39443201
610826,-0.429880112,1.305758238,4.384860992,2.205663443,-0.194201991,-1.653389454,-1.414391279,-3.56475544,-4.085308075,-5.762078762,-4.805300713,-5.176674366,-7.223391056,-10.98886395,-12.18370438
610823,0.135795494,1.235689483,3.988078101,2.02256933,-0.301267436,-1.574695125,-1.148383876,-3.179240403,-3.843415022,-5.758106362,-4.933483132,-5.059808914,-6.871576405,-10.41310775,-11.22843688
610821,1.037318896,1.12325966,3.501827361,1.811825095,-0.45998921,-1.549652498,-0.838018784,-2.581657581,-3.548944404,-5.753984403,-5.263076272,-4.221116745,-6.351269304,-10.11701791,-9.988509604
610822,1.235503774,0.953541547,3.141598913,1.708325688,-0.49221657,-1.459986574,-0.711715552,-2.255363748,-3.310039336,-5.522221485,-5.163126742,-3.648213314,-5.911456453,-9.550922962,-9.054876179
610802,0.98838221,1.168791695,3.565508897,1.810287083,-0.458742291,-1.549891204,-0.837477993,-2.659647124,-3.598260563,-5.824728908,-5.295263053,-4.564005553,-6.506060911,-10.18940947,-10.21193107
610829,-0.429880112,1.305758238,4.384860992,2.205663443,-0.194201991,-1.653389454,-1.414391279,-3.56475544,-4.085308075,-5.762078762,-4.805300713,-5.176674366,-7.223391056,-10.98886395,-12.18370438
610825,-0.008453917,0.969101784,3.557484143,1.847623309,-0.342630333,-1.422136824,-0.959840951,-2.843758421,-3.450336434,-5.386065589,-4.418712788,-5.020622468,-6.36200858,-9.326903217,-10.22649605
610828,0.474134801,1.257018275,3.957809689,2.007102045,-0.351776997,-1.632304135,-1.10293821,-3.051559345,-3.833668363,-5.840560108,-5.132896689,-4.664253694,-6.788320442,-10.65600593,-11.10158334
610831,-0.215140171,1.272333992,4.19718703,2.123991029,-0.235017212,-1.603197591,-1.294885141,-3.407685831,-3.967948913,-5.745265588,-4.813263529,-5.204253097,-7.05072905,-10.62219831,-11.72797614
610824,-8.07E-04,1.165061868,3.897499415,1.989045404,-0.296462627,-1.521841355,-1.119666346,-3.140078667,-3.747664664,-5.636854937,-4.724735984,-5.158743652,-6.752481324,-10.04609765,-11.01453686
610830,-0.481570837,1.297365005,4.388257823,2.211400942,-0.187596644,-1.649162076,-1.423822641,-3.577089985,-4.085003482,-5.745124537,-4.779975158,-5.192154102,-7.231554427,-10.97502261,-12.19989157
610827,-0.348577412,1.297858244,4.332573611,2.182251477,-0.208918361,-1.644220159,-1.379052954,-3.512940719,-4.05340764,-5.763429824,-4.823518887,-5.154621908,-7.173105504,-10.91263463,-12.05440273
610521,-5.596124668,-0.508938382,2.998853492,2.449077501,-0.017756602,-1.0294866,-1.556546846,-3.131099869,-2.0817856,-2.828723741,-1.116157146,-5.144091341,-6.09343125,-6.724249493,-9.658943544
610523,-5.972173968,-0.530598947,3.033892973,2.411579852,0.006392419,-0.992980306,-1.585854592,-3.180263448,-2.17716896,-2.825053885,-1.218642153,-5.325886564,-6.344165389,-6.898195908,-9.960253101
610582,-6.118458625,-0.552160762,3.027344828,2.397227566,0.011322153,-0.976682419,-1.590037358,-3.182447763,-2.185740095,-2.80289516,-1.228967381,-5.375588077,-6.408305537,-6.916654347,-10.01941878
610502,-5.56443882,-0.506316423,2.997125149,2.452222824,-0.019520579,-1.03268981,-1.554515243,-3.127985001,-2.075479507,-2.830290556,-1.109313846,-5.130048275,-6.07433033,-6.71257782,-9.637076378
610527,-3.955513,0.375011593,3.972376585,2.531607389,0.120837465,-1.285959959,-1.798543453,-3.851938009,-3.345781803,-4.110578537,-2.503071785,-5.657978058,-6.956885338,-8.738922119,-11.66100502
610522,-6.341597557,-0.570625186,3.039516211,2.375077486,0.023744479,-0.954124689,-1.604344368,-3.204383373,-2.230149031,-2.791861296,-1.277159452,-5.474482536,-6.542818546,-6.998848915,-10.17341232
610581,-4.604228973,0.334381521,4.114138603,2.533952236,0.185739875,-1.251273155,-1.911249399,-4.015325546,-3.537940264,-4.07917881,-2.613938093,-5.92249155,-7.430878639,-9.21053791,-12.3382225
610524,-4.629881119,0.320818248,4.097904909,2.531564787,0.183263287,-1.246834237,-1.906564359,-4.003036995,-3.518170954,-4.059868035,-2.593788407,-5.915584926,-7.417222087,-9.177005673,-12.30525532
610528,-5.312965618,-0.372712919,3.143420548,2.464275747,0.001123038,-1.071475601,-1.590372719,-3.235817165,-2.265548641,-3.024166005,-1.318406178,-5.205617789,-6.202217747,-7.015799742,-9.936685032
610526,-4.937289995,-0.162780492,3.377271819,2.483166412,0.035190074,-1.131412868,-1.649635853,-3.410177177,-2.570635084,-3.329338488,-1.65259163,-5.335831872,-6.418344535,-7.502433655,-10.42599061
610525,-4.169316717,0.304742062,3.920248758,2.524493273,0.119660212,-1.261619129,-1.795935327,-3.821429923,-3.280949291,-4.013110242,-2.419480741,-5.659981169,-6.961882114,-8.656859311,-11.61002103
610116,-5.457184114,-0.879091514,2.412523437,2.33690946,-0.219685849,-0.959499297,-1.268491857,-2.521976445,-1.224726937,-2.29494275,-0.440665262,-4.4125939,-5.122714993,-5.54514723,-7.955925482
610122,-5.794285275,-0.753727174,2.659254406,2.364547463,-0.128388069,-0.966843463,-1.400787295,-2.790577918,-1.608663376,-2.496673884,-0.764040764,-4.837141425,-5.670062131,-6.072794303,-8.794416954
610113,-5.218146695,-0.503120045,2.931125456,2.453353826,-0.047510885,-1.051223738,-1.50433236,-3.044522342,-1.967646853,-2.825591248,-1.015786082,-4.931342821,-5.812111366,-6.541911948,-9.320379463
610125,-5.275040705,-0.964854263,2.260160683,2.324257896,-0.276986355,-0.952969311,-1.190762577,-2.357473063,-0.979276219,-2.150465296,-0.226207351,-4.147533365,-4.790057886,-5.221707258,-7.436476353
610115,-5.56443882,-0.506316423,2.997125149,2.452222824,-0.019520579,-1.03268981,-1.554515243,-3.127985001,-2.075479507,-2.830290556,-1.109313846,-5.130048275,-6.07433033,-6.71257782,-9.637076378
610126,-5.485795513,-0.505590523,2.982136549,2.452479676,-0.025877207,-1.036898885,-1.543118657,-3.109030543,-2.050990598,-2.829223338,-1.088073592,-5.084922057,-6.014780127,-6.67381942,-9.565154174
610114,-5.56443882,-0.506316423,2.997125149,2.452222824,-0.019520579,-1.03268981,-1.554515243,-3.127985001,-2.075479507,-2.830290556,-1.109313846,-5.130048275,-6.07433033,-6.71257782,-9.637076378
610124,-5.171637988,-1.035757194,2.141767422,2.307993532,-0.320759688,-0.942631165,-1.131174418,-2.228827535,-0.791736568,-2.020593446,-0.058388493,-3.941035982,-4.542413504,-4.985495195,-7.052021129
610202,-3.958775149,0.32115001,3.885053458,2.51633712,0.101892642,-1.272013725,-1.761267487,-3.774234679,-3.239237796,-4.038907509,-2.406506749,-5.579268503,-6.830092679,-8.551705745,-11.43673827
610222,-3.931440466,0.37219339,3.960738179,2.528151466,0.117202484,-1.28562097,-1.790890318,-3.839339644,-3.332834461,-4.108504609,-2.495115416,-5.642015419,-6.931671776,-8.712964022,-11.62362229
610204,-4.00986497,0.01886186,3.423717973,2.458847398,0.004709961,-1.201040335,-1.578497549,-3.371446873,-2.645504038,-3.613184804,-1.831183169,-5.13141923,-6.14071031,-7.554433379,-10.23609164
630104,-1.998568892,-1.307933092,0.458840251,0.49408114,-0.429112911,-0.701973021,0.168940783,0.0295389,-0.120450661,-1.511932015,0.310309708,-0.887901127,-1.186659336,-2.52242136,-3.224832773
630122,-1.982070888,-1.30093532,0.461807748,0.492275994,-0.43021419,-0.70144968,0.170064921,0.027891671,-0.124429229,-1.51530362,0.301680964,-0.894460293,-1.194725516,-2.529793567,-3.223291106
630121,-0.83531352,-0.825347685,0.643228829,0.346835056,-0.506879509,-0.656159689,0.260031102,-0.061104211,-0.364464155,-1.691878795,-0.243653258,-1.291283185,-1.695737811,-2.96511321,-3.024826867
630123,-2.012288441,-1.334107928,0.417134935,0.463880018,-0.431224833,-0.690987372,0.188200703,0.076006101,-0.059677707,-1.424275047,0.394742836,-0.788567081,-1.083275311,-2.404025835,-3.092703153
632123,-1.840340495,-0.993636072,0.953047872,0.801141322,-0.404181957,-0.816484749,-0.048549466,-0.497126818,-0.748260856,-2.356119156,-0.53108114,-1.865057111,-2.235559225,-3.733055592,-4.587009907
632122,-2.077612529,-1.085405725,0.919335336,0.87422711,-0.392016832,-0.829747385,-0.085375191,-0.497620196,-0.674623418,-2.261254123,-0.35232985,-1.752612779,-2.099076577,-3.61895535,-4.573758808
632121,-1.921636724,-1.155118859,0.699128747,0.643376752,-0.416991242,-0.757649724,0.063194933,-0.226531035,-0.425698013,-1.922383919,-0.098782611,-1.363003761,-1.696644546,-3.111043362,-3.887136391
632126,-1.613933828,-0.979238159,0.847598119,0.675941733,-0.433234877,-0.775828144,0.039804926,-0.354495149,-0.620664074,-2.160009526,-0.42650877,-1.668653151,-2.041067851,-3.491849945,-4.150363301
632128,-2.913321972,-1.422994137,0.774345279,1.114228964,-0.351077288,-0.870220304,-0.202113181,-0.471222252,-0.387434334,-1.89296031,0.310230494,-1.31576705,-1.573357105,-3.162669182,-4.460907459
632127,-2.162011737,-1.177523823,0.796632336,0.817356951,-0.395463229,-0.805680892,-0.041801017,-0.374431096,-0.513781686,-2.046715646,-0.121183092,-1.503395476,-1.827937104,-3.314431079,-4.253865005
632221,-0.468839759,-0.60808501,0.846104039,0.407188647,-0.52851286,-0.690638758,0.221021543,-0.235609087,-0.636418068,-2.044129887,-0.702703719,-1.714645808,-2.16580265,-3.510731899,-3.44616088
632523,-2.450006181,-1.49816901,0.380590925,0.630586783,-0.414038208,-0.739271586,0.105559952,0.061517274,0.015028307,-1.339478903,0.638888802,-0.622819628,-0.857578054,-2.298405947,-3.207309592
632321,-2.941898378,-1.52048687,0.619900892,1.015045075,-0.36521753,-0.843744523,-0.129707946,-0.290730558,-0.209119878,-1.653593745,0.53933946,-0.995658371,-1.220829165,-2.805262079,-4.061087476
632322,-2.724984614,-1.574579495,0.402694819,0.765243253,-0.398089312,-0.776348071,0.031075121,-0.0020056,0.015953731,-1.34547859,0.737917419,-0.605193566,-0.813144946,-2.326360941,-3.38801069
640522,-1.411768708,0.151588117,2.751312563,1.689603822,-0.27545474,-1.179724727,-0.823940901,-2.296698941,-2.528293418,-4.292570401,-2.681614991,-4.276030386,-5.063195603,-7.149857451,-8.590049932
640521,-0.177156673,0.373074091,2.59877225,1.415933336,-0.442892313,-1.17136577,-0.53920034,-1.951477263,-2.571532197,-4.540020097,-3.364907172,-4.267317307,-5.137855986,-7.445376125,-8.065332838
640502,-0.181454978,0.309255645,2.483727919,1.354771159,-0.453286143,-1.141499073,-0.487120186,-1.838603842,-2.461564324,-4.417350057,-3.227369807,-4.144851535,-4.977141355,-7.222103143,-7.790759929
640302,0.134925166,0.670314392,2.985212638,1.561666534,-0.436289648,-1.277795689,-0.665218162,-2.279478817,-2.966200526,-4.984305646,-3.982961363,-4.63645155,-5.701670107,-8.312503467,-8.909401785
640324,-0.673017256,0.495724842,3.021390103,1.699138853,-0.332542404,-1.25594008,-0.822912743,-2.445637166,-2.872524502,-4.725534123,-3.42900295,-4.604520947,-5.571797938,-7.958441901,-9.065813303
640381,0.545018973,0.568770707,2.612342269,1.346844203,-0.533954536,-1.194448867,-0.432199127,-1.866874839,-2.670985938,-4.746908213,-3.915711167,-4.342465268,-5.353783281,-7.868422801,-7.939883379
640323,0.247666725,0.842198306,3.234788064,1.673489769,-0.417999443,-1.350668194,-0.765976223,-2.502310589,-3.204304822,-5.231829599,-4.328152265,-4.813695847,-6.040588512,-8.869563796,-9.469703629
640423,-2.827253021,-0.176915987,2.767002245,2.068759626,-0.140964068,-1.154280223,-1.116812285,-2.590555015,-2.189437758,-3.651534426,-1.65898385,-4.200517425,-4.909098107,-6.60110652,-8.65415834
640422,-2.273267648,-0.207782004,2.507858668,1.820028739,-0.224500167,-1.125670248,-0.886689788,-2.223843201,-2.098119177,-3.736588352,-1.835394717,-3.935801948,-4.601205287,-6.410000691,-8.114907464
640402,-1.79785206,0.266942988,3.093228225,1.946958521,-0.197909141,-1.237189189,-1.063066021,-2.712471145,-2.725256653,-4.344719222,-2.686825538,-4.592534173,-5.466123451,-7.555146978,-9.304725659
640424,-2.851152897,-0.090810724,2.911754847,2.130923986,-0.121017918,-1.174882293,-1.187325716,-2.739284039,-2.31233263,-3.734978199,-1.770658255,-4.371571541,-5.120341301,-6.822607517,-8.94802475
640425,-2.226432928,0.122604246,3.021404402,2.022720021,-0.166378365,-1.212213747,-1.114574379,-2.725385709,-2.558974737,-4.097972021,-2.315749141,-4.504672925,-5.328112589,-7.26038803,-9.163743618
640121,1.15180762,0.66909655,2.516030597,1.258710375,-0.625703963,-1.194975275,-0.296611487,-1.696968223,-2.660073041,-4.849058988,-4.329060915,-4.303328043,-5.429087192,-8.089320661,-7.604010747
640181,0.67747824,0.715421209,2.823709544,1.447569048,-0.527246073,-1.261254564,-0.508920261,-2.054013295,-2.891596722,-5.019040106,-4.28830838,-4.53513432,-5.678485235,-8.382950286,-8.447455107
640104,1.157191599,0.692970187,2.561868078,1.283856928,-0.621270213,-1.210708868,-0.31648074,-1.740106083,-2.708555411,-4.912479162,-4.403245523,-4.342878976,-5.496470205,-8.197167005,-7.731253188
640122,1.160658155,0.708341588,2.59138123,1.300047914,-0.618415476,-1.220839178,-0.329273858,-1.767881043,-2.739771515,-4.953313196,-4.4510104,-4.36834444,-5.539855772,-8.266605498,-7.813180149
640202,1.36922485,0.571961214,2.218091555,1.114621751,-0.699397821,-1.109138153,-0.135954403,-1.383223458,-2.411494825,-4.618745719,-4.426442775,-3.965578279,-5.179854742,-7.759183682,-6.69371322
640205,1.421314185,0.532181474,2.11328201,1.062062826,-0.720985101,-1.077354388,-0.082483299,-1.276077106,-2.317617654,-4.52014508,-4.404687694,-3.854560554,-5.073937744,-7.607206813,-6.381531164
640221,1.203211316,0.69788703,2.550396071,1.281196686,-0.630801004,-1.209854286,-0.305595053,-1.723050775,-2.708910522,-4.930743758,-4.493440601,-4.317841483,-5.515026368,-8.239769252,-7.683787914
150302,1.421206073,0.54164036,2.139587004,1.07924653,-0.715674972,-1.087965443,-0.096741742,-1.302007774,-2.350815285,-4.566824323,-4.455160091,-3.864278609,-5.113004105,-7.677668101,-6.470513978
150202,0.965285414,0.349609173,2.146724926,1.253985272,-0.506935757,-1.021962243,-0.383913297,-1.45851343,-2.529928888,-4.527801921,-4.477236689,-2.797593466,-4.827114363,-7.512221862,-6.562187202
150221,0.961829615,0.392819057,2.233985136,1.343532731,-0.463012253,-1.052469464,-0.469956283,-1.56960021,-2.63508878,-4.590255316,-4.485496163,-2.682005305,-4.859509439,-7.655835542,-6.783691729
150102,0.840660122,0.438490186,2.333121371,1.516124772,-0.345283379,-1.065227971,-0.660765058,-1.764087484,-2.734191479,-4.471952849,-4.244375137,-2.2379062,-4.726171824,-7.66460977,-6.937454883
150124,1.154094039,0.828520015,2.958792184,1.709188663,-0.443757302,-1.382596059,-0.742047964,-2.144158704,-3.171459281,-5.212202602,-4.864513338,-3.055120494,-5.525480796,-9.071969912,-8.480975072
150123,0.92257972,0.514941058,2.444109737,1.581744247,-0.353861486,-1.128692242,-0.692391606,-1.844774973,-2.826755244,-4.605429773,-4.35533699,-2.317332492,-4.861272309,-7.93387623,-7.203899015
150122,0.941869378,0.479433149,2.385466337,1.510353565,-0.385974169,-1.107160687,-0.626565516,-1.765421271,-2.785753489,-4.62644434,-4.41822052,-2.435325861,-4.871760845,-7.863900185,-7.101483345
150121,0.945927778,0.461822406,2.354666539,1.476434848,-0.401637878,-1.096040637,-0.594723065,-1.725606106,-2.755119703,-4.619086234,-4.431899288,-2.485481768,-4.869269837,-7.821595602,-7.036868611
150802,0.672850335,0.089868252,1.605630599,0.77097108,-0.678036545,-0.776060231,-0.009307867,-0.845453091,-1.756278729,-3.558650641,-3.691934115,-2.695154958,-4.022200847,-5.930817726,-4.615604503
150822,0.976932238,0.219812398,1.657253299,0.791599093,-0.741080749,-0.847233101,0.0571749,-0.853274792,-1.785090549,-3.705708798,-3.824379551,-3.074839777,-4.251470792,-6.270787484,-4.756521311
150821,0.452014004,-0.014254855,1.535083543,0.752383399,-0.61657212,-0.70198159,-0.065766073,-0.830778238,-1.703936661,-3.36477564,-3.481796419,-2.346586448,-3.782512574,-5.582719181,-4.404002816
150823,0.714740647,0.146917481,1.823729891,1.00494211,-0.551356373,-0.852396149,-0.227736776,-1.144260398,-2.130153789,-3.982453229,-4.020921957,-2.598461512,-4.342153656,-6.586705152,-5.535193735
150826,0.791992973,0.140589814,1.619807012,0.773024999,-0.705619689,-0.801601333,0.022157188,-0.840999128,-1.756582284,-3.600231079,-3.728774469,-2.842623273,-4.099269952,-6.041468097,-4.640215707
150627,1.358056641,0.807511543,2.804154836,1.508744952,-0.561285835,-1.342676939,-0.499920199,-1.948132991,-3.071102218,-5.392509133,-5.186857236,-3.766740916,-5.756572016,-9.082026301,-8.352006031
150622,1.214319514,0.795599578,2.866528267,1.617836837,-0.484566992,-1.350668479,-0.643405674,-2.044864599,-3.115909618,-5.257989089,-4.975512004,-3.276824833,-5.571787947,-9.004497916,-8.353452043
150624,1.32576209,0.707840827,2.551150857,1.310294296,-0.634358015,-1.228540581,-0.314514376,-1.707920653,-2.774238946,-5.070062215,-4.8777024,-4.084728084,-5.588890051,-8.502920865,-7.683165338
150625,1.085474344,0.36792031,2.041693527,1.071620997,-0.645828802,-1.009452604,-0.16912473,-1.255745046,-2.307109748,-4.424533669,-4.454245575,-3.290547083,-4.859618228,-7.360214298,-6.190667921
150621,1.010817377,0.39850228,2.214525596,1.272114658,-0.519977842,-1.056801898,-0.386365103,-1.501365039,-2.578730206,-4.619842682,-4.557984855,-2.924795485,-4.931029366,-7.679132697,-6.743386114
150602,1.360003558,0.807166363,2.804673828,1.512116556,-0.559948183,-1.34396698,-0.503099056,-1.948514371,-3.072448055,-5.391225557,-5.184909945,-3.745684601,-5.749301195,-9.082169643,-8.348556214
150623,0.978330486,0.913498148,3.058462362,1.549064742,-0.531634193,-1.35733312,-0.577288017,-2.23115832,-3.157639339,-5.373976165,-4.837217909,-4.634682878,-6.053260725,-9.111159629,-9.01217306
150626,1.059258435,0.994523104,3.205508228,1.643370785,-0.508331691,-1.425666744,-0.660788795,-2.349455852,-3.324975133,-5.581298738,-5.14452721,-4.473699302,-6.205778039,-9.549466819,-9.368836583
